Firmware Version = HSP2SPO2_3_4.6, Sensor Hub Version = 30.8.3
AEC=ON,SCD=ON,Operation Mode=Algorithm,Algo Mode=2:Continuous HRM,Sample Rate (Hz)=100,Sample Averaging=4,Pulse Width (usec)=21.3,ADC Range (nA)=32768,ADC 2 Range (nA)=32768,IR PA (mA)=124,Red PA (mA)=124,Green PA (mA)=20,IR LED Range (mA)=124,Red LED Range (mA)=124,Green LED Range (mA)=124,Adj. Target PD Current Period=1800,Motion Det. Threshold=0.05,Min. PD Current=5,Init PD Current=10,Target PD Current=10,HR Confidence Level=0,HR Expiration Threshold=30,Init Integration Time=117.3,Min. Integration Time=14.8,Max. Integration Time=117.3,Init F Sampling-Avg=100 sps, avg=4,Min. F Sampling-Avg=25 sps, avg=1,Max. F Sampling-Avg=100 sps, avg=4
PPG registers dump,0=0,1=0,2=0,3=0,9=3F,A=0,B=0,C=0,D=2,10=0,11=3,12=88,13=40,14=0,15=0,16=40,20=0,21=0,22=0,23=0,24=0,25=0,26=0,27=0,28=0,29=0,2A=0,2B=0,2C=0,2D=0,2E=0,2F=0,30=0,31=0,32=0,33=0,34=0,35=0,36=0,37=0,40=0,41=0,42=0 
Time, Sample Count, Green Count, Green2 Count, IR Count, Red Count, X Axis Acceleration (g), Y Axis Acceleration (g), Z Axis Acceleration (g), Operating Mode, Heart Rate (bpm), HR Confidence (%), RR, RR Confidence (%), Activity, R Value, SpO2 Confidence (%), SpO2 (%), SpO2 Percent Complete, Low Signal Quality, Motion Flag, WSPO2 Low Pi, Unreliable R, SpO2 State, SCD State, SAMPLE Time, Walk Steps, Run Steps, KCal, Tot. Act. Energy, Ibi Offset
2022-02-17 13:16:11.507,0,33407,26980,20269,7707,0.571,0.15,0.97,2,60,0,0,32,REST,0,0,0,0,0,0,0,0,4,NO DECISION,47819,--,--,--,--,--
2022-02-17 13:16:11.593,1,33338,27061,1,0,0.566,0.116,0.9,2,60,0,0,32,-6,0,0,0,0,0,0,0,0,4,NO DECISION,47819,--,--,--,--,--
2022-02-17 13:16:11.601,2,41350,33688,0,0,0.567,0.184,0.973,2,60,0,0,32,WALK,0,0,0,0,0,0,0,0,4,NO DECISION,47819,--,--,--,--,--
2022-02-17 13:16:11.666,3,49576,40564,1,1,0.56,0.183,0.916,2,60,0,0,32,-6,0,0,0,0,0,0,0,0,4,NO DECISION,47819,--,--,--,--,--
2022-02-17 13:16:11.673,4,57310,47063,0,0,0.573,0.209,0.883,2,60,0,0,32,6,0,0,0,0,0,0,0,0,4,NO DECISION,47819,--,--,--,--,--
2022-02-17 13:16:11.737,5,64672,53330,0,1,0.572,0.206,0.875,2,60,0,0,32,-2,0,0,0,0,0,0,0,0,4,NO DECISION,47819,--,--,--,--,--
2022-02-17 13:16:11.799,6,71642,59336,0,0,0.563,0.226,0.878,2,60,0,0,32,6,0,0,0,0,0,0,0,0,4,NO DECISION,47819,--,--,--,--,--
2022-02-17 13:16:11.867,8,84385,70707,1,0,0.576,0.062,0.954,2,60,0,0,32,6,0,0,0,0,0,0,0,0,4,NO DECISION,47819,--,--,--,--,--
2022-02-17 13:16:11.874,9,90385,76082,0,0,0.597,-0.028,0.905,2,60,0,0,32,-2,0,0,0,0,0,0,0,0,4,NO DECISION,47819,--,--,--,--,--
2022-02-17 13:16:11.939,10,96103,81231,0,0,0.605,-0.093,0.87,2,60,0,0,32,WALK,0,0,0,0,0,0,0,0,4,NO DECISION,47819,--,--,--,--,--
2022-02-17 13:16:11.945,11,97267,82511,1,0,0.639,-0.006,0.799,2,60,0,0,32,REST,0,0,0,0,0,0,0,0,4,NO DECISION,47819,--,--,--,--,--
2022-02-17 13:16:12.010,12,97080,82592,0,0,0.681,-0.08,0.758,2,60,0,0,32,REST,0,0,0,0,0,0,0,0,4,NO DECISION,47819,--,--,--,--,--
2022-02-17 13:16:12.071,14,96841,82704,0,0,0.739,-0.257,0.618,2,60,0,0,32,REST,0,0,0,0,0,0,0,0,4,NO DECISION,47819,--,--,--,--,--
2022-02-17 13:16:12.130,16,96856,82145,0,0,0.819,-0.261,0.495,2,60,0,0,32,REST,0,0,0,0,0,0,0,0,4,NO DECISION,47819,--,--,--,--,--
2022-02-17 13:16:12.188,17,97115,81740,0,0,0.776,-0.102,0.44,2,60,0,0,32,REST,0,0,0,0,0,0,0,0,4,NO DECISION,47819,--,--,--,--,--
2022-02-17 13:16:12.193,18,97239,81524,1,0,0.865,-0.239,0.424,2,60,0,0,32,REST,0,0,0,0,0,0,0,0,4,NO DECISION,47819,--,--,--,--,--
2022-02-17 13:16:12.255,19,97349,81318,0,1,0.889,-0.243,0.434,2,60,0,0,32,REST,0,0,0,0,0,0,0,0,4,NO DECISION,47819,--,--,--,--,--
2022-02-17 13:16:12.261,20,97562,81196,0,0,0.892,-0.262,0.416,2,60,0,0,32,REST,0,0,0,0,0,0,0,0,4,NO DECISION,47819,--,--,--,--,--
2022-02-17 13:16:12.320,21,97838,81114,0,1,0.877,-0.221,0.406,2,60,0,0,32,REST,0,0,0,0,0,0,0,0,4,NO DECISION,47819,--,--,--,--,--
2022-02-17 13:16:12.371,22,98134,81066,0,0,0.884,-0.316,0.392,2,60,0,0,32,REST,0,0,0,0,0,0,0,0,4,NO DECISION,47819,--,--,--,--,--
2022-02-17 13:16:12.377,24,98675,81142,0,0,0.882,-0.376,0.366,2,60,0,0,32,REST,0,0,0,0,0,0,0,0,4,NO DECISION,47819,--,--,--,--,--
2022-02-17 13:16:12.428,25,98945,81204,0,0,0.884,-0.285,0.372,2,60,0,0,32,REST,0,0,0,0,0,0,0,0,4,NO DECISION,47819,--,--,--,--,--
2022-02-17 13:16:12.486,26,99170,81267,0,0,0.889,-0.417,0.34,2,60,0,0,32,REST,0,0,0,0,0,0,0,0,4,NO DECISION,47819,--,--,--,--,--
2022-02-17 13:16:12.541,27,99348,81297,0,0,0.878,-0.417,0.375,2,60,0,0,32,REST,0,0,0,0,0,0,0,0,4,NO DECISION,47819,--,--,--,--,--
2022-02-17 13:16:12.546,28,99461,81272,0,0,0.874,-0.428,0.375,2,60,0,0,32,REST,0,0,0,0,0,0,0,0,4,NO DECISION,47820,--,--,--,--,--
2022-02-17 13:16:12.597,29,99384,81175,0,0,0.871,-0.373,0.382,2,60,0,0,32,REST,0,0,0,0,0,0,0,0,4,NO DECISION,47820,--,--,--,--,--
2022-02-17 13:16:12.649,30,99163,81034,0,0,0.876,-0.381,0.375,2,60,0,0,32,REST,0,0,0,0,0,0,0,0,4,NO DECISION,47820,--,--,--,--,--
2022-02-17 13:16:12.703,31,98832,80881,0,1,0.873,-0.422,0.376,2,60,0,0,32,REST,0,0,0,0,0,0,0,0,4,NO DECISION,47820,--,--,--,--,--
2022-02-17 13:16:12.708,33,98249,80691,0,0,0.875,-0.375,0.37,2,60,0,0,32,REST,0,0,0,0,0,0,0,0,4,NO DECISION,47820,--,--,--,--,--
2022-02-17 13:16:12.767,34,97977,80625,0,1,0.872,-0.432,0.378,2,60,0,0,32,REST,0,0,0,0,0,0,0,0,4,NO DECISION,47820,--,--,--,--,--
2022-02-17 13:16:12.822,35,97780,80566,0,1,0.87,-0.396,0.398,2,60,0,0,32,REST,0,0,0,0,0,0,0,0,4,NO DECISION,47820,--,--,--,--,--
2022-02-17 13:16:12.828,36,97653,80478,0,0,0.872,-0.409,0.375,2,60,0,0,32,REST,0,0,0,0,0,0,0,0,4,NO DECISION,47820,--,--,--,--,--
2022-02-17 13:16:12.882,37,97622,80430,0,1,0.875,-0.406,0.363,2,60,0,0,32,REST,0,0,0,0,0,0,0,0,4,NO DECISION,47820,--,--,--,--,--
2022-02-17 13:16:12.939,38,97631,80372,1,0,0.872,-0.385,0.372,2,60,0,0,32,REST,0,0,0,0,0,0,0,0,4,NO DECISION,47820,--,--,--,--,--
2022-02-17 13:16:12.944,39,97657,80316,2,1,0.872,-0.393,0.367,2,60,0,0,32,REST,0,0,0,0,0,0,0,0,4,NO DECISION,47820,--,--,--,--,--
2022-02-17 13:16:12.998,40,97736,80303,1,0,0.873,-0.395,0.369,2,60,0,0,32,REST,0,0,0,0,0,0,0,0,4,NO DECISION,47820,--,--,--,--,--
2022-02-17 13:16:13.049,41,97825,80283,1,1,0.87,-0.386,0.378,2,60,0,0,32,REST,0,0,0,0,0,0,0,0,4,NO DECISION,47820,--,--,--,--,--
2022-02-17 13:16:13.060,42,97900,80266,0,0,0.871,-0.388,0.391,2,60,0,0,32,REST,0,0,0,0,0,0,0,0,4,NO DECISION,47820,--,--,--,--,--
2022-02-17 13:16:13.113,43,97957,80260,1,1,0.87,-0.416,0.383,2,60,0,0,32,REST,0,0,0,0,0,0,0,0,4,NO DECISION,47820,--,--,--,--,--
2022-02-17 13:16:13.160,44,98014,80272,0,0,0.872,-0.401,0.367,2,60,0,0,32,REST,0,0,0,0,0,0,0,0,4,NO DECISION,47820,--,--,--,--,--
2022-02-17 13:16:13.210,45,98068,80288,0,0,0.872,-0.388,0.379,2,60,0,0,0,REST,0,0,0,0,0,0,0,0,4,NO DECISION,47820,--,--,--,--,--
2022-02-17 13:16:13.220,46,98113,80301,1,0,0.871,-0.393,0.397,2,60,0,0,0,REST,0,0,0,0,0,0,0,0,4,NO DECISION,47820,--,--,--,--,--
2022-02-17 13:16:13.273,47,98156,80288,0,0,0.87,-0.416,0.394,2,60,0,0,0,REST,0,0,0,0,0,0,0,0,4,NO DECISION,47820,--,--,--,--,--
2022-02-17 13:16:13.325,48,98095,80178,0,1,0.87,-0.414,0.414,2,60,0,0,0,REST,0,0,0,0,0,0,0,0,4,NO DECISION,47820,--,--,--,--,--
2022-02-17 13:16:13.377,49,97920,79993,1,0,0.868,-0.416,0.431,2,60,0,0,0,REST,0,0,0,0,0,0,0,0,4,NO DECISION,47820,--,--,--,--,--
2022-02-17 13:16:13.381,50,97691,79779,0,0,0.871,-0.394,0.417,2,60,0,0,0,REST,0,0,0,0,0,0,0,0,4,NO DECISION,47820,--,--,--,--,--
2022-02-17 13:16:13.435,51,97444,79541,1,1,0.864,-0.389,0.454,2,60,0,0,0,REST,0,0,0,0,0,0,0,0,4,NO DECISION,47820,--,--,--,--,--
2022-02-17 13:16:13.505,52,97130,79279,0,0,0.87,-0.452,0.443,2,60,0,0,0,REST,0,0,0,0,0,0,0,0,4,NO DECISION,47820,--,--,--,--,--
2022-02-17 13:16:13.510,53,96680,78989,0,0,0.871,-0.398,0.404,2,60,0,0,0,REST,0,0,0,0,0,0,0,0,4,NO DECISION,47821,--,--,--,--,--
2022-02-17 13:16:13.568,54,96052,78625,0,1,0.894,-0.459,0.309,2,60,0,0,0,REST,0,0,0,0,0,0,0,0,4,NO DECISION,47821,--,--,--,--,--
2022-02-17 13:16:13.621,55,95343,78189,2,0,0.899,-0.358,0.28,2,60,0,0,0,REST,0,0,0,0,0,0,0,0,4,NO DECISION,47821,--,--,--,--,--
2022-02-17 13:16:13.627,56,94421,77698,0,0,0.935,-0.339,0.235,2,60,0,0,0,REST,0,0,0,0,0,0,0,0,4,NO DECISION,47821,--,--,--,--,--
2022-02-17 13:16:13.680,57,93926,77477,1,0,0.941,-0.281,0.231,2,60,0,0,0,REST,0,0,0,0,0,0,0,0,4,NO DECISION,47821,--,--,--,--,--
2022-02-17 13:16:13.733,59,95162,78478,0,0,0.947,-0.302,0.261,2,59,0,0,0,REST,0,0,0,0,0,0,0,0,4,NO DECISION,47821,--,--,--,--,--
2022-02-17 13:16:13.795,60,96003,79216,0,0,0.912,-0.285,0.341,2,59,0,0,0,REST,0,0,0,0,0,0,0,0,4,NO DECISION,47821,--,--,--,--,--
2022-02-17 13:16:13.850,61,96751,79819,0,1,0.915,-0.265,0.371,2,59,0,0,0,REST,0,0,0,0,0,0,0,0,4,NO DECISION,47821,--,--,--,--,--
2022-02-17 13:16:13.901,62,97184,80196,0,0,0.928,-0.297,0.345,2,59,0,0,0,REST,0,0,0,0,0,0,0,0,4,NO DECISION,47821,--,--,--,--,--
2022-02-17 13:16:13.906,63,97592,80520,0,3,0.927,-0.335,0.332,2,59,0,0,0,REST,0,0,0,0,0,0,0,0,4,NO DECISION,47821,--,--,--,--,--
2022-02-17 13:16:13.958,64,98147,80890,0,1,0.903,-0.341,0.37,2,59,0,0,0,REST,0,0,0,0,0,0,0,0,4,NO DECISION,47821,--,--,--,--,--
2022-02-17 13:16:14.014,65,98759,81272,0,1,0.923,-0.261,0.361,2,59,0,0,0,REST,0,0,0,0,0,0,0,0,4,NO DECISION,47821,--,--,--,--,--
2022-02-17 13:16:14.113,66,99274,81608,0,0,0.933,-0.293,0.324,2,59,0,0,0,REST,0,0,0,0,0,0,0,0,4,NO DECISION,47821,--,--,--,--,--
2022-02-17 13:16:14.174,67,99779,81926,0,0,0.923,-0.25,0.358,2,59,0,0,0,REST,0,0,0,0,0,0,0,0,4,NO DECISION,47821,--,--,--,--,--
2022-02-17 13:16:14.180,69,100623,82465,1,0,0.915,-0.327,0.372,2,59,0,0,0,REST,0,0,0,0,0,0,0,0,4,NO DECISION,47821,--,--,--,--,--
2022-02-17 13:16:14.237,70,100901,82650,0,0,0.917,-0.319,0.361,2,59,0,0,0,REST,0,0,0,0,0,0,0,0,4,NO DECISION,47821,--,--,--,--,--
2022-02-17 13:16:14.297,71,101168,82800,0,0,0.919,-0.302,0.358,2,59,0,0,0,REST,0,0,0,0,0,0,0,0,4,NO DECISION,47821,--,--,--,--,--
2022-02-17 13:16:14.302,72,101413,82927,0,1,0.918,-0.306,0.36,2,59,0,0,0,REST,0,0,0,0,0,0,0,0,4,NO DECISION,47821,--,--,--,--,--
2022-02-17 13:16:14.353,73,101629,83046,2,0,0.927,-0.305,0.347,2,59,0,402.9,3,REST,0,0,0,0,0,0,0,0,4,NO DECISION,47821,--,--,--,--,--
2022-02-17 13:16:14.410,75,101966,83244,1,0,0.919,-0.303,0.36,2,59,0,0,0,REST,0,0,0,0,0,0,0,0,4,NO DECISION,47821,--,--,--,--,--
2022-02-17 13:16:14.462,76,102118,83357,0,1,0.918,-0.298,0.362,2,59,0,0,0,REST,0,0,0,0,0,0,0,0,4,NO DECISION,47821,--,--,--,--,--
2022-02-17 13:16:14.523,77,102227,83454,0,0,0.92,-0.31,0.363,2,59,0,0,0,REST,0,0,0,0,0,0,0,0,4,NO DECISION,47821,--,--,--,--,--
2022-02-17 13:16:14.586,78,102343,83568,0,0,0.913,-0.318,0.36,2,59,0,0,0,REST,0,0,0,0,0,0,0,0,4,NO DECISION,47822,--,--,--,--,--
2022-02-17 13:16:14.591,80,102626,83850,0,0,0.919,-0.302,0.348,2,59,0,0,0,REST,0,0,0,0,0,0,0,0,4,NO DECISION,47822,--,--,--,--,--
2022-02-17 13:16:14.639,81,102784,84010,0,0,0.922,-0.302,0.354,2,59,0,0,0,REST,0,0,0,0,0,0,0,0,4,NO DECISION,47822,--,--,--,--,--
2022-02-17 13:16:14.700,82,102970,84184,1,0,0.913,-0.31,0.36,2,59,0,0,0,REST,0,0,0,0,0,0,0,0,4,NO DECISION,47822,--,--,--,--,--
2022-02-17 13:16:14.705,83,103143,84346,0,0,0.918,-0.319,0.367,2,59,0,0,0,REST,0,0,0,0,0,0,0,0,4,NO DECISION,47822,--,--,--,--,--
2022-02-17 13:16:14.790,84,103290,84489,0,0,0.921,-0.31,0.352,2,59,0,0,0,REST,0,0,0,0,0,0,0,0,4,NO DECISION,47822,--,--,--,--,--
2022-02-17 13:16:14.869,86,103547,84734,0,1,0.918,-0.304,0.357,2,59,0,0,0,REST,0,0,0,0,0,0,0,0,4,NO DECISION,47822,--,--,--,--,--
2022-02-17 13:16:14.902,88,103796,84969,0,0,0.914,-0.3,0.363,2,59,0,0,0,REST,0,0,0,0,0,0,0,0,6,NO DECISION,47822,--,--,--,--,--
2022-02-17 13:16:15.058,89,103916,85077,1,1,0.918,-0.301,0.362,2,59,0,0,0,REST,0,0,0,0,0,0,0,0,6,NO DECISION,47822,--,--,--,--,--
2022-02-17 13:16:15.115,93,104156,85271,0,0,0.919,-0.309,0.359,2,59,0,0,0,REST,0,0,0,0,0,0,0,0,6,NO DECISION,47822,--,--,--,--,--
2022-02-17 13:16:15.177,94,104167,85246,0,1,0.921,-0.305,0.35,2,59,0,0,0,REST,0,0,0,0,0,0,0,0,6,NO DECISION,47822,--,--,--,--,--
2022-02-17 13:16:15.182,95,104207,85243,1,0,0.912,-0.303,0.358,2,59,0,0,0,REST,0,0,0,0,0,0,0,0,6,NO DECISION,47822,--,--,--,--,--
2022-02-17 13:16:15.236,96,104262,85259,0,1,0.916,-0.313,0.363,2,59,0,0,0,REST,0,0,0,0,0,0,0,0,6,NO DECISION,47822,--,--,--,--,--
2022-02-17 13:16:15.390,98,104420,85351,0,0,0.916,-0.313,0.358,2,59,0,0,0,REST,0,0,0,0,0,0,0,0,6,NO DECISION,47822,--,--,--,--,--
2022-02-17 13:16:15.464,101,104660,85506,1,0,0.919,-0.307,0.36,2,59,0,0,0,REST,0,0,0,0,0,0,0,0,6,NO DECISION,47822,--,--,--,--,--
2022-02-17 13:16:15.471,102,104743,85566,0,0,0.916,-0.307,0.359,2,59,0,0,0,REST,0,0,0,0,0,0,0,0,6,NO DECISION,47822,--,--,--,--,--
2022-02-17 13:16:15.533,103,104833,85632,1,0,0.914,-0.315,0.363,2,59,0,0,0,REST,0,0,0,0,0,0,0,0,6,NO DECISION,47823,--,--,--,--,--
2022-02-17 13:16:15.599,104,104921,85709,0,0,0.915,-0.305,0.362,2,59,0,0,0,REST,0,0,0,0,0,0,0,0,6,NO DECISION,47823,--,--,--,--,--
2022-02-17 13:16:15.651,105,105022,85789,0,0,0.916,-0.309,0.358,2,59,0,0,0,REST,0,0,0,0,0,0,0,0,6,NO DECISION,47823,--,--,--,--,--
2022-02-17 13:16:15.713,106,105111,85865,0,0,0.917,-0.306,0.361,2,59,0,0,0,REST,0,0,0,0,0,0,0,0,6,NO DECISION,47823,--,--,--,--,--
2022-02-17 13:16:15.718,107,105203,85941,1,0,0.916,-0.305,0.357,2,59,0,0,0,REST,0,0,0,0,0,0,0,0,6,NO DECISION,47823,--,--,--,--,--
2022-02-17 13:16:15.740,108,105303,86021,0,0,0.916,-0.307,0.361,2,59,0,0,0,REST,0,0,0,0,0,0,0,0,6,NO DECISION,47823,--,--,--,--,--
2022-02-17 13:16:15.812,109,105401,86106,0,0,0.915,-0.301,0.362,2,59,0,396.8,3,REST,0,0,0,0,0,0,0,0,6,NO DECISION,47823,--,--,--,--,--
2022-02-17 13:16:15.817,110,105508,86187,1,0,0.919,-0.308,0.362,2,59,0,0,0,REST,0,0,0,0,0,0,0,0,6,NO DECISION,47823,--,--,--,--,--
2022-02-17 13:16:15.884,111,105605,86266,0,1,0.912,-0.309,0.365,2,59,0,0,0,REST,0,0,0,0,0,0,0,0,6,NO DECISION,47823,--,--,--,--,--
2022-02-17 13:16:15.940,113,105798,86438,0,0,0.919,-0.31,0.359,2,59,0,0,0,REST,0,0,0,0,0,0,0,0,6,NO DECISION,47823,--,--,--,--,--
2022-02-17 13:16:15.945,114,105845,86479,1,0,0.917,-0.305,0.358,2,59,0,0,0,REST,0,0,0,0,0,0,0,0,6,NO DECISION,47823,--,--,--,--,--
2022-02-17 13:16:16.005,115,105800,86421,0,0,0.918,-0.306,0.359,2,59,0,0,0,REST,0,0,0,0,0,0,0,0,6,NO DECISION,47823,--,--,--,--,--
2022-02-17 13:16:16.067,116,105734,86328,1,0,0.914,-0.308,0.365,2,59,0,0,0,REST,0,0,0,0,0,0,0,0,6,NO DECISION,47823,--,--,--,--,--
2022-02-17 13:16:16.072,117,105681,86238,0,1,0.916,-0.311,0.362,2,59,0,0,0,REST,0,0,0,0,0,0,0,0,6,NO DECISION,47823,--,--,--,--,--
2022-02-17 13:16:16.123,118,105619,86152,1,1,0.914,-0.307,0.366,2,59,0,0,0,REST,0,0,0,0,0,0,0,0,6,NO DECISION,47823,--,--,--,--,--
2022-02-17 13:16:16.182,119,105598,86096,0,1,0.918,-0.308,0.361,2,59,0,0,0,REST,0,0,0,0,0,0,0,0,6,NO DECISION,47823,--,--,--,--,--
2022-02-17 13:16:16.258,121,105606,86042,0,1,0.919,-0.308,0.364,2,59,0,0,0,REST,0,0,0,0,0,0,0,0,6,NO DECISION,47823,--,--,--,--,--
2022-02-17 13:16:16.352,123,105625,86000,0,0,0.917,-0.309,0.364,2,59,0,0,0,REST,0,0,0,0,0,0,0,0,6,NO DECISION,47823,--,--,--,--,--
2022-02-17 13:16:16.404,125,105669,85988,1,1,0.909,-0.307,0.365,2,59,0,0,0,REST,0,0,0,0,0,0,0,0,6,NO DECISION,47823,--,--,--,--,--
2022-02-17 13:16:16.461,126,105689,85995,0,1,0.917,-0.307,0.364,2,59,0,0,0,REST,0,0,0,0,0,0,0,0,6,NO DECISION,47823,--,--,--,--,--
2022-02-17 13:16:16.467,127,105716,86003,0,1,0.918,-0.298,0.363,2,59,0,0,0,REST,0,0,0,0,0,0,0,0,6,NO DECISION,47823,--,--,--,--,--
2022-02-17 13:16:16.540,128,105755,86030,0,0,0.918,-0.304,0.361,2,59,0,0,0,REST,0,0,0,0,0,0,0,0,6,NO DECISION,47824,--,--,--,--,--
2022-02-17 13:16:16.601,130,105836,86083,0,0,0.917,-0.306,0.361,2,59,0,0,0,REST,0,0,0,0,0,0,0,0,6,NO DECISION,47824,--,--,--,--,--
2022-02-17 13:16:16.655,131,105887,86118,0,0,0.916,-0.309,0.36,2,59,0,0,0,REST,0,0,0,0,0,0,0,0,6,NO DECISION,47824,--,--,--,--,--
2022-02-17 13:16:16.708,133,105993,86201,1,0,0.917,-0.307,0.361,2,59,0,0,0,REST,0,0,0,0,0,0,0,0,6,NO DECISION,47824,--,--,--,--,--
2022-02-17 13:16:16.768,134,106046,86243,0,0,0.918,-0.312,0.357,2,59,0,0,0,REST,0,0,0,0,0,0,0,0,6,NO DECISION,47824,--,--,--,--,--
2022-02-17 13:16:16.832,135,106117,86298,0,1,0.913,-0.309,0.361,2,59,0,471.6,6,REST,0,0,0,0,0,0,0,0,6,NO DECISION,47824,--,--,--,--,--
2022-02-17 13:16:16.836,136,106172,86343,1,0,0.915,-0.303,0.367,2,59,0,0,0,REST,0,0,0,0,0,0,0,0,6,NO DECISION,47824,--,--,--,--,--
2022-02-17 13:16:16.893,137,106219,86382,0,1,0.914,-0.311,0.36,2,59,0,0,0,REST,0,0,0,0,0,0,0,0,6,NO DECISION,47824,--,--,--,--,--
2022-02-17 13:16:16.897,138,106181,86335,0,0,0.913,-0.314,0.355,2,59,0,0,0,REST,0,0,0,0,0,0,0,0,6,NO DECISION,47824,--,--,--,--,--
2022-02-17 13:16:16.960,139,106064,86189,0,1,0.916,-0.307,0.361,2,59,0,0,0,REST,0,0,0,0,0,0,0,0,6,NO DECISION,47824,--,--,--,--,--
2022-02-17 13:16:17.014,140,105925,86013,0,0,0.915,-0.31,0.36,2,60,0,0,0,REST,0,0,0,0,0,0,0,0,6,NO DECISION,47824,--,--,--,--,--
2022-02-17 13:16:17.103,142,105665,85677,0,2,0.915,-0.309,0.36,2,60,0,0,0,REST,0,0,0,0,0,0,0,0,6,NO DECISION,47824,--,--,--,--,--
2022-02-17 13:16:17.169,143,105591,85577,0,0,0.914,-0.312,0.36,2,60,0,0,0,REST,0,0,0,0,0,0,0,0,6,NO DECISION,47824,--,--,--,--,--
2022-02-17 13:16:17.213,145,105488,85438,1,0,0.919,-0.306,0.361,2,60,0,0,0,REST,0,0,0,0,0,0,0,0,6,NO DECISION,47824,--,--,--,--,--
2022-02-17 13:16:17.218,146,105435,85371,1,1,0.917,-0.311,0.36,2,60,0,0,0,REST,0,0,0,0,0,0,0,0,6,NO DECISION,47824,--,--,--,--,--
2022-02-17 13:16:17.264,147,105392,85315,0,0,0.916,-0.311,0.364,2,60,0,896.3,12,REST,0,0,0,0,0,0,0,0,6,NO DECISION,47824,--,--,--,--,--
2022-02-17 13:16:17.315,148,105361,85279,0,0,0.914,-0.307,0.36,2,60,0,0,0,REST,0,0,0,0,0,0,0,0,6,NO DECISION,47824,--,--,--,--,--
2022-02-17 13:16:17.373,149,105335,85250,1,0,0.913,-0.306,0.362,2,60,0,0,0,REST,0,0,0,0,0,0,0,0,6,NO DECISION,47824,--,--,--,--,--
2022-02-17 13:16:17.379,150,105337,85237,0,0,0.916,-0.314,0.359,2,60,0,0,0,REST,0,0,0,0,0,0,0,0,6,NO DECISION,47824,--,--,--,--,--
2022-02-17 13:16:17.439,151,105344,85232,0,1,0.917,-0.313,0.353,2,60,0,0,0,REST,0,0,0,0,0,0,0,0,6,NO DECISION,47824,--,--,--,--,--
2022-02-17 13:16:17.543,152,105356,85235,1,0,0.915,-0.304,0.362,2,60,0,0,0,REST,0,0,0,0,0,0,0,0,6,NO DECISION,47824,--,--,--,--,--
2022-02-17 13:16:17.618,153,105380,85245,0,0,0.917,-0.31,0.36,2,60,0,0,0,REST,0,0,0,0,0,0,0,0,6,NO DECISION,47825,--,--,--,--,--
2022-02-17 13:16:17.624,155,105438,85282,0,0,0.919,-0.311,0.36,2,60,0,0,0,REST,0,0,0,0,0,0,0,0,6,NO DECISION,47825,--,--,--,--,--
2022-02-17 13:16:17.693,156,105475,85303,0,0,0.917,-0.307,0.361,2,60,0,0,0,REST,0,0,0,0,0,0,0,0,6,NO DECISION,47825,--,--,--,--,--
2022-02-17 13:16:17.699,157,105512,85321,0,0,0.921,-0.311,0.358,2,60,0,0,0,REST,0,0,0,0,0,0,0,0,6,NO DECISION,47825,--,--,--,--,--
2022-02-17 13:16:17.750,158,105547,85351,2,1,0.917,-0.309,0.359,2,60,0,0,0,REST,0,0,0,0,0,0,0,0,6,NO DECISION,47825,--,--,--,--,--
2022-02-17 13:16:17.808,159,105585,85388,1,1,0.914,-0.311,0.365,2,60,0,0,0,REST,0,0,0,0,0,0,0,0,6,NO DECISION,47825,--,--,--,--,--
2022-02-17 13:16:17.863,160,105626,85427,0,0,0.922,-0.314,0.361,2,60,0,0,0,REST,0,0,0,0,0,0,0,0,6,NO DECISION,47825,--,--,--,--,--
2022-02-17 13:16:17.868,161,105662,85453,0,0,0.92,-0.312,0.349,2,60,0,0,0,REST,0,0,0,0,0,0,0,0,6,NO DECISION,47825,--,--,--,--,--
2022-02-17 13:16:17.956,163,105470,85223,0,0,0.916,-0.315,0.361,2,60,0,0,0,REST,0,0,0,0,0,0,0,0,6,NO DECISION,47825,--,--,--,--,--
2022-02-17 13:16:18.010,165,105131,84819,0,2,0.913,-0.314,0.362,2,60,0,0,0,REST,0,0,0,0,0,0,0,0,6,NO DECISION,47825,--,--,--,--,--
2022-02-17 13:16:18.071,166,104995,84654,0,1,0.912,-0.307,0.364,2,60,0,0,0,REST,0,0,0,0,0,0,0,0,6,NO DECISION,47825,--,--,--,--,--
2022-02-17 13:16:18.077,167,104890,84537,1,1,0.917,-0.306,0.363,2,61,0,0,0,REST,0,0,0,0,0,0,0,0,6,NO DECISION,47825,--,--,--,--,--
2022-02-17 13:16:18.136,168,104821,84461,1,0,0.916,-0.313,0.359,2,61,0,0,0,REST,0,0,0,0,0,0,0,0,6,NO DECISION,47825,--,--,--,--,--
2022-02-17 13:16:18.141,169,104747,84387,2,0,0.916,-0.305,0.363,2,61,0,0,0,REST,0,0,0,0,0,0,0,0,6,NO DECISION,47825,--,--,--,--,--
2022-02-17 13:16:18.196,170,104682,84324,1,0,0.916,-0.311,0.363,2,61,0,0,0,REST,0,0,0,0,0,0,0,0,6,NO DECISION,47825,--,--,--,--,--
2022-02-17 13:16:18.252,171,104621,84270,0,0,0.916,-0.312,0.36,2,61,0,0,0,REST,0,0,0,0,0,0,0,0,6,NO DECISION,47825,--,--,--,--,--
2022-02-17 13:16:18.257,172,104574,84230,0,1,0.916,-0.316,0.359,2,61,0,0,0,REST,0,0,0,0,0,0,0,0,6,NO DECISION,47825,--,--,--,--,--
2022-02-17 13:16:18.391,173,104542,84205,1,0,0.914,-0.315,0.362,2,61,0,0,0,REST,0,0,0,0,0,0,0,0,6,NO DECISION,47825,--,--,--,--,--
2022-02-17 13:16:18.447,175,104523,84186,0,1,0.915,-0.311,0.362,2,61,0,0,0,REST,0,0,0,0,0,0,0,0,6,NO DECISION,47825,--,--,--,--,--
2022-02-17 13:16:18.505,176,104540,84196,0,0,0.916,-0.323,0.362,2,61,0,0,0,REST,0,0,0,0,0,0,0,0,6,NO DECISION,47825,--,--,--,--,--
2022-02-17 13:16:18.511,177,104535,84205,0,0,0.913,-0.313,0.363,2,62,0,0,0,REST,0,0,0,0,0,0,0,0,6,NO DECISION,47825,--,--,--,--,--
2022-02-17 13:16:18.565,178,104556,84228,1,1,0.915,-0.306,0.362,2,62,0,0,0,REST,0,0,0,0,0,0,0,0,6,NO DECISION,47826,--,--,--,--,--
2022-02-17 13:16:18.632,179,104581,84247,0,0,0.919,-0.31,0.363,2,62,0,0,0,REST,0,0,0,0,0,0,0,0,6,NO DECISION,47826,--,--,--,--,--
2022-02-17 13:16:18.637,181,104635,84311,0,0,0.913,-0.312,0.363,2,62,0,0,0,REST,0,0,0,0,0,0,0,0,6,NO DECISION,47826,--,--,--,--,--
2022-02-17 13:16:18.698,182,104672,84346,0,1,0.914,-0.323,0.363,2,62,0,0,0,REST,0,0,0,0,0,0,0,0,6,NO DECISION,47826,--,--,--,--,--
2022-02-17 13:16:18.758,183,104711,84381,0,0,0.913,-0.315,0.364,2,62,0,0,0,REST,0,0,0,0,0,0,0,0,6,NO DECISION,47826,--,--,--,--,--
2022-02-17 13:16:18.812,186,104677,84339,0,1,0.908,-0.315,0.367,2,62,0,0,0,REST,0,0,0,0,0,0,0,0,6,NO DECISION,47826,--,--,--,--,--
2022-02-17 13:16:18.868,187,104532,84182,0,0,0.916,-0.315,0.362,2,63,0,0,0,REST,0,0,0,0,0,0,0,0,6,NO DECISION,47826,--,--,--,--,--
2022-02-17 13:16:18.921,188,104363,84055,0,0,0.922,-0.295,0.356,2,63,0,0,0,REST,0,0,0,0,0,0,0,0,6,NO DECISION,47826,--,--,--,--,--
2022-02-17 13:16:18.981,189,104139,83998,1,0,0.919,-0.301,0.358,2,63,0,0,0,REST,0,0,0,0,0,0,0,0,6,NO DECISION,47826,--,--,--,--,--
2022-02-17 13:16:18.987,190,104087,84030,0,0,0.944,-0.165,0.274,2,63,0,0,0,REST,0,0,0,0,0,0,0,0,6,NO DECISION,47826,--,--,--,--,--
2022-02-17 13:16:19.039,191,104068,83896,1,0,0.862,0.318,0.499,2,63,0,0,0,REST,0,0,0,0,0,0,0,0,6,NO DECISION,47826,--,--,--,--,--
2022-02-17 13:16:19.138,192,104078,84023,1,0,0.607,-0.189,0.552,2,63,0,0,0,REST,0,0,0,0,0,0,0,0,6,NO DECISION,47826,--,--,--,--,--
2022-02-17 13:16:19.196,193,105277,84940,1,0,0.503,-0.238,0.39,2,63,0,0,0,REST,0,0,0,0,0,0,0,0,6,NO DECISION,47826,--,--,--,--,--
2022-02-17 13:16:19.248,194,107210,85864,0,2,0.326,-0.791,0.168,2,63,0,0,0,REST,0,0,0,0,0,0,0,0,6,NO DECISION,47826,--,--,--,--,--
2022-02-17 13:16:19.306,195,108581,86935,0,0,0.629,-1.952,0.177,2,63,0,0,0,REST,0,0,0,0,0,0,0,0,6,NO DECISION,47826,--,--,--,--,--
2022-02-17 13:16:19.311,196,108148,87714,1,0,0.946,-1.846,0.408,2,63,0,0,0,REST,0,0,0,0,0,0,0,0,6,NO DECISION,47826,--,--,--,--,--
2022-02-17 13:16:19.367,197,107526,87853,0,0,1.638,-1.479,-0.184,2,64,0,336.8,3,REST,0,0,0,0,0,0,0,0,6,NO DECISION,47826,--,--,--,--,--
2022-02-17 13:16:19.420,198,107108,87948,0,1,0.348,0.163,0.867,2,64,0,0,0,REST,0,0,0,0,0,0,0,0,6,NO DECISION,47826,--,--,--,--,--
2022-02-17 13:16:19.512,200,106694,86586,1,0,-1.461,1.965,1.875,2,64,0,0,0,REST,0,0,0,0,0,0,0,0,6,NO DECISION,47826,--,--,--,--,--
2022-02-17 13:16:19.566,201,105706,87106,0,2,-0.499,-0.827,0.839,2,64,0,0,0,REST,0,0,0,0,0,0,0,0,6,NO DECISION,47826,--,--,--,--,--
2022-02-17 13:16:19.632,203,102462,87827,0,0,1.007,-2.934,0.456,2,64,0,0,0,REST,0,0,0,0,0,0,0,0,6,NO DECISION,47827,--,--,--,--,--
2022-02-17 13:16:19.642,204,103558,85910,0,0,-1.522,3.563,0.842,2,64,0,0,0,REST,0,0,0,0,0,0,0,0,6,NO DECISION,47827,--,--,--,--,--
2022-02-17 13:16:19.699,205,103372,86195,0,0,-1.385,2.397,1.647,2,64,0,0,0,REST,0,0,0,0,0,0,0,0,6,NO DECISION,47827,--,--,--,--,--
2022-02-17 13:16:19.704,206,101994,86640,1,0,-0.488,-1.929,1.221,2,64,0,0,0,REST,0,0,0,0,0,0,0,0,6,NO DECISION,47827,--,--,--,--,--
2022-02-17 13:16:19.767,207,100536,86229,0,0,1.61,-5.468,1.291,2,65,0,0,0,REST,0,0,0,0,0,0,0,0,6,NO DECISION,47827,--,--,--,--,--
2022-02-17 13:16:19.782,208,101213,86681,0,0,0.411,-2.103,0.495,2,65,0,0,0,REST,0,0,0,0,0,0,0,0,6,NO DECISION,47827,--,--,--,--,--
2022-02-17 13:16:19.834,209,102195,84981,0,1,-1.583,3.636,0.654,2,65,0,0,0,REST,0,0,0,0,0,0,0,0,6,NO DECISION,47827,--,--,--,--,--
2022-02-17 13:16:19.881,210,101499,85698,1,1,-1.291,3.293,1.628,2,65,0,0,0,REST,0,0,0,0,0,0,0,0,6,NO DECISION,47827,--,--,--,--,--
2022-02-17 13:16:19.930,211,99774,84805,0,0,-0.406,-3.571,1.259,2,65,0,0,0,REST,0,0,0,0,0,0,0,0,6,NO DECISION,47827,--,--,--,--,--
2022-02-17 13:16:19.986,212,98911,83835,1,1,1.708,-5.451,0.976,2,65,0,0,0,REST,0,0,0,0,0,0,0,0,6,NO DECISION,47827,--,--,--,--,--
2022-02-17 13:16:19.991,213,99618,84075,0,1,0.011,-1.307,0.451,2,65,0,0,0,REST,0,0,0,0,0,0,0,0,6,NO DECISION,47827,--,--,--,--,--
2022-02-17 13:16:20.045,214,99791,82205,0,1,-2.004,4.987,0.719,2,65,0,0,0,REST,0,0,0,0,0,0,0,0,6,NO DECISION,47827,--,--,--,--,--
2022-02-17 13:16:20.103,215,97388,82951,2,0,-1.429,0.917,1.249,2,65,0,0,0,REST,0,0,0,0,0,0,0,0,6,NO DECISION,47827,--,--,--,--,--
2022-02-17 13:16:20.108,216,96529,82159,0,0,0.53,-5.955,1.322,2,65,0,0,0,REST,0,0,0,0,0,0,0,0,6,NO DECISION,47827,--,--,--,--,--
2022-02-17 13:16:20.169,217,97036,82632,1,1,1.956,-3.837,0.391,2,65,0,0,0,REST,0,0,0,0,0,0,0,0,6,NO DECISION,47827,--,--,--,--,--
2022-02-17 13:16:20.221,218,97420,81199,0,0,-0.892,-0.131,0.604,2,66,0,0,0,REST,0,0,0,0,0,0,0,0,6,NO DECISION,47827,--,--,--,--,--
2022-02-17 13:16:20.226,219,96949,80084,0,0,-1.509,4.264,1.45,2,66,0,0,0,REST,0,0,0,0,0,0,0,0,6,NO DECISION,47827,--,--,--,--,--
2022-02-17 13:16:20.280,220,95154,80855,0,0,-1.424,1.257,1.365,2,66,0,0,0,REST,0,0,0,0,0,0,0,0,6,NO DECISION,47827,--,--,--,--,--
2022-02-17 13:16:20.334,221,94143,80370,0,1,1.134,-6.854,1.13,2,66,0,0,0,REST,0,0,0,0,0,0,0,0,6,NO DECISION,47827,--,--,--,--,--
2022-02-17 13:16:20.339,222,94967,80856,0,1,1.925,-3.812,-0.012,2,66,0,345.1,3,REST,0,0,0,0,0,0,0,0,6,NO DECISION,47827,--,--,--,--,--
2022-02-17 13:16:20.396,223,95261,78803,0,0,-1.474,3.651,0.6,2,66,0,0,0,REST,0,0,0,0,0,0,0,0,6,NO DECISION,47827,--,--,--,--,--
2022-02-17 13:16:20.448,224,93434,79577,0,1,-1.849,3.086,2.337,2,66,0,0,0,REST,0,0,0,0,0,0,0,0,6,NO DECISION,47827,--,--,--,--,--
2022-02-17 13:16:20.500,225,92131,79788,0,0,-1.024,-3.745,1.333,2,66,0,0,0,REST,0,0,0,0,0,0,0,0,6,NO DECISION,47827,--,--,--,--,--
2022-02-17 13:16:20.505,226,93049,79610,0,1,1.73,-5.205,-0.141,2,66,0,0,0,REST,0,0,0,0,0,0,0,0,6,NO DECISION,47827,--,--,--,--,--
2022-02-17 13:16:20.563,227,94612,78995,0,0,0.451,-0.656,-0.644,2,66,0,0,0,REST,0,0,0,0,0,0,0,0,6,NO DECISION,47828,--,--,--,--,--
2022-02-17 13:16:20.614,228,93274,78706,1,0,-1.306,4.1,1.871,2,66,0,0,0,REST,0,0,0,0,0,0,0,0,6,NO DECISION,47828,--,--,--,--,--
2022-02-17 13:16:20.622,229,91903,79685,0,0,-1.51,1.864,2.018,2,66,0,0,0,REST,0,0,0,0,0,0,0,0,6,NO DECISION,47828,--,--,--,--,--
2022-02-17 13:16:20.670,230,91788,78797,0,0,-0.677,-5.074,1.166,2,66,0,0,0,REST,0,0,0,0,0,0,0,0,6,NO DECISION,47828,--,--,--,--,--
2022-02-17 13:16:20.727,231,92443,78818,2,0,1.931,-4.458,-0.789,2,66,0,0,0,REST,0,0,0,0,0,0,0,0,6,NO DECISION,47828,--,--,--,--,--
2022-02-17 13:16:20.788,232,92973,77624,0,0,0.31,-1.118,-0.241,2,66,0,0,0,REST,0,0,0,0,0,0,0,0,6,NO DECISION,47828,--,--,--,--,--
2022-02-17 13:16:20.794,233,90774,77812,1,0,-1.798,4.003,2.862,2,66,0,0,0,REST,0,0,0,0,0,0,0,0,6,NO DECISION,47828,--,--,--,--,--
2022-02-17 13:16:20.852,234,89625,77987,0,0,-1.723,1.821,1.872,2,66,0,0,0,REST,0,0,0,0,0,0,0,0,6,NO DECISION,47828,--,--,--,--,--
2022-02-17 13:16:20.858,235,89486,77277,0,0,-0.642,-5.237,0.313,2,66,0,0,0,REST,0,0,0,0,0,0,0,0,6,NO DECISION,47828,--,--,--,--,--
2022-02-17 13:16:20.914,236,90095,77179,0,0,2.428,-4.803,-1.105,2,67,0,0,0,REST,0,0,0,0,0,0,0,0,6,NO DECISION,47828,--,--,--,--,--
2022-02-17 13:16:20.969,237,90366,76903,0,1,0.133,-0.476,0.557,2,67,0,0,0,REST,0,0,0,0,0,0,0,0,6,NO DECISION,47828,--,--,--,--,--
2022-02-17 13:16:20.981,238,88407,76863,0,0,-2.171,4.335,2.88,2,67,0,0,0,REST,0,0,0,0,0,0,0,0,6,NO DECISION,47828,--,--,--,--,--
2022-02-17 13:16:21.037,239,87966,77066,0,0,-1.771,1.495,1.669,2,67,0,0,0,REST,0,0,0,0,0,0,0,0,6,NO DECISION,47828,--,--,--,--,--
2022-02-17 13:16:21.062,240,88277,76340,0,0,-0.358,-5.718,0.197,2,67,0,0,0,REST,0,0,0,0,0,0,0,0,6,NO DECISION,47828,--,--,--,--,--
2022-02-17 13:16:21.130,241,88714,76245,0,1,2.524,-4.371,-1.302,2,67,0,0,0,REST,0,0,0,0,0,0,0,0,6,NO DECISION,47828,--,--,--,--,--
2022-02-17 13:16:21.188,242,88463,75668,0,0,-0.908,0.747,1.584,2,67,0,0,0,REST,0,0,0,0,0,0,0,0,6,NO DECISION,47828,--,--,--,--,--
2022-02-17 13:16:21.194,243,86901,76213,0,1,-1.605,3.959,3.496,2,67,0,323.9,3,REST,0,0,0,0,0,0,0,0,6,NO DECISION,47828,--,--,--,--,--
2022-02-17 13:16:21.255,244,86516,76562,0,1,-1.819,0.399,0.76,2,67,0,0,0,REST,0,0,0,0,0,0,0,0,6,NO DECISION,47828,--,--,--,--,--
2022-02-17 13:16:21.261,246,87362,75614,0,0,1.918,-3.614,-0.978,2,67,0,0,0,REST,0,0,0,0,0,0,0,0,6,NO DECISION,47828,--,--,--,--,--
2022-02-17 13:16:21.318,247,86968,75335,0,0,-1.819,3.068,2.464,2,67,0,0,0,REST,0,0,0,0,0,0,0,0,6,NO DECISION,47828,--,--,--,--,--
2022-02-17 13:16:21.377,248,85880,75918,0,0,-1.532,4.147,3.074,2,67,0,0,32,REST,0,0,0,0,0,0,0,0,6,NO DECISION,47828,--,--,--,--,--
2022-02-17 13:16:21.381,249,85372,75505,1,0,-1.344,-2.937,0.185,2,67,0,0,32,REST,0,0,0,0,0,0,0,0,6,NO DECISION,47828,--,--,--,--,--
2022-02-17 13:16:21.438,250,86131,74931,0,0,1.819,-5.708,-1.417,2,67,0,0,32,REST,0,0,0,0,0,0,0,0,6,NO DECISION,47828,--,--,--,--,--
2022-02-17 13:16:21.494,251,86251,74108,1,0,0.415,-0.338,-0.234,2,67,0,0,32,REST,0,0,0,0,0,0,0,0,6,NO DECISION,47828,--,--,--,--,--
2022-02-17 13:16:21.499,252,84337,74472,1,1,-1.68,4.347,3.552,2,67,0,0,32,REST,0,0,0,0,0,0,0,0,6,NO DECISION,47829,--,--,--,--,--
2022-02-17 13:16:21.559,253,84001,74808,1,0,-2.153,0.554,1.669,2,67,0,0,32,REST,0,0,0,0,0,0,0,0,6,NO DECISION,47829,--,--,--,--,--
2022-02-17 13:16:21.628,254,84534,74245,1,0,0.256,-6.566,-0.612,2,67,0,0,32,REST,0,0,0,0,0,0,0,0,6,NO DECISION,47829,--,--,--,--,--
2022-02-17 13:16:21.692,255,85233,74126,0,1,2.518,-3.458,-2.071,2,67,0,0,32,REST,0,0,0,0,0,0,0,0,6,NO DECISION,47829,--,--,--,--,--
2022-02-17 13:16:21.700,0,84128,73236,0,0,-1.824,2.62,2.706,2,67,0,0,32,REST,0,0,0,0,0,0,0,0,6,NO DECISION,47829,--,--,--,--,--
2022-02-17 13:16:21.781,1,83517,74370,0,0,-1.732,4.156,3.859,2,67,0,0,32,REST,0,0,0,0,0,0,0,0,6,NO DECISION,47829,--,--,--,--,--
2022-02-17 13:16:21.789,2,83160,74720,0,1,-1.664,-1.159,0.652,2,67,0,306.6,35,REST,0,0,0,0,0,0,0,0,6,NO DECISION,47829,--,--,--,--,--
2022-02-17 13:16:21.857,3,84020,73690,0,0,1.55,-6.241,-1.624,2,67,0,0,32,REST,0,0,0,0,0,0,0,0,6,NO DECISION,47829,--,--,--,--,--
2022-02-17 13:16:21.863,4,84865,72984,0,1,0.878,-1.779,-1.014,2,67,0,0,32,REST,0,0,0,0,0,0,0,0,6,NO DECISION,47829,--,--,--,--,--
2022-02-17 13:16:21.928,5,83280,73501,0,1,-3.562,4.5,4.427,2,67,0,0,32,REST,0,0,0,0,0,0,0,0,6,NO DECISION,47829,--,--,--,--,--
2022-02-17 13:16:21.983,6,82727,74519,1,0,-2.775,2.295,2.453,2,67,0,0,32,REST,0,0,0,0,0,0,0,0,6,NO DECISION,47829,--,--,--,--,--
2022-02-17 13:16:21.989,7,82823,73805,0,0,-0.409,-7.253,-0.747,2,67,0,0,32,REST,0,0,0,0,0,0,0,0,6,NO DECISION,47829,--,--,--,--,--
2022-02-17 13:16:22.042,8,84199,73256,0,0,3.666,-4.508,-3.219,2,67,0,0,32,REST,0,0,0,0,0,0,0,0,6,NO DECISION,47829,--,--,--,--,--
2022-02-17 13:16:22.117,9,83064,72720,0,2,-3.395,3.461,3.25,2,67,0,0,32,REST,0,0,0,0,0,0,0,0,6,NO DECISION,47829,--,--,--,--,--
2022-02-17 13:16:22.123,10,82403,74191,0,0,-2.116,3.381,4.548,2,67,0,0,32,REST,0,0,0,0,0,0,0,0,6,NO DECISION,47829,--,--,--,--,--
2022-02-17 13:16:22.170,11,82195,74441,0,1,-1.559,-4.161,0.025,2,67,0,0,32,REST,0,0,0,0,0,0,0,0,6,NO DECISION,47829,--,--,--,--,--
2022-02-17 13:16:22.220,12,83686,73265,0,0,3.547,-4.733,-3.369,2,67,0,0,32,REST,0,0,0,0,0,0,0,0,6,NO DECISION,47829,--,--,--,--,--
2022-02-17 13:16:22.224,13,82853,72140,0,1,-0.807,0.11,0.958,2,67,0,0,32,REST,0,0,0,0,0,0,0,0,6,NO DECISION,47829,--,--,--,--,--
2022-02-17 13:16:22.279,14,81829,73267,1,0,-1.797,3.66,4.659,2,67,0,0,32,REST,0,0,0,0,0,0,0,0,6,NO DECISION,47829,--,--,--,--,--
2022-02-17 13:16:22.338,15,81403,74025,1,0,-2.078,-2,0.416,2,67,0,0,32,REST,0,0,0,0,0,0,0,0,6,NO DECISION,47829,--,--,--,--,--
2022-02-17 13:16:22.343,16,82648,72950,1,0,2.671,-5.633,-2.884,2,67,0,337.5,35,REST,0,0,0,0,0,0,0,0,6,NO DECISION,47829,--,--,--,--,--
2022-02-17 13:16:22.397,17,83197,72064,0,0,0.678,-1.977,-0.019,2,66,0,0,32,REST,0,0,0,0,0,0,0,0,6,NO DECISION,47829,--,--,--,--,--
2022-02-17 13:16:22.447,18,81681,73008,0,0,-2.903,4.701,4.835,2,66,0,0,32,REST,0,0,0,0,0,0,0,0,6,NO DECISION,47829,--,--,--,--,--
2022-02-17 13:16:22.501,19,80943,74335,0,0,-3.048,1.37,1.733,2,66,0,0,32,REST,0,0,0,0,0,0,0,0,6,NO DECISION,47829,--,--,--,--,--
2022-02-17 13:16:22.507,20,81538,72836,0,1,0.969,-6.88,-2.007,2,66,0,0,32,REST,0,0,0,0,0,0,0,0,6,NO DECISION,47829,--,--,--,--,--
2022-02-17 13:16:22.575,21,82982,72055,0,0,2.894,-3.461,-2.425,2,66,0,0,32,REST,0,0,0,0,0,0,0,0,6,NO DECISION,47830,--,--,--,--,--
2022-02-17 13:16:22.583,22,81969,72468,1,0,-3.587,3.949,3.904,2,66,0,0,32,REST,0,0,0,0,0,0,0,0,6,NO DECISION,47830,--,--,--,--,--
2022-02-17 13:16:22.636,23,80892,74047,0,1,-2.941,1.704,3.226,2,66,0,0,32,REST,0,0,0,0,0,0,0,0,6,NO DECISION,47830,--,--,--,--,--
2022-02-17 13:16:22.706,24,81292,73498,0,1,0.485,-6.196,-1.788,2,66,0,0,32,REST,0,0,0,0,0,0,0,0,6,NO DECISION,47830,--,--,--,--,--
2022-02-17 13:16:22.714,25,82741,72343,0,0,2.953,-2.626,-2.793,2,66,0,0,32,REST,0,0,0,0,0,0,0,0,6,NO DECISION,47830,--,--,--,--,--
2022-02-17 13:16:22.783,26,81834,72641,0,0,-3.578,2.258,4.299,2,66,0,0,32,REST,0,0,0,0,0,0,0,0,6,NO DECISION,47830,--,--,--,--,--
2022-02-17 13:16:22.789,27,81169,74364,1,0,-2.471,2.239,3.271,2,66,0,0,32,REST,0,0,0,0,0,0,0,0,6,NO DECISION,47830,--,--,--,--,--
2022-02-17 13:16:22.850,28,82129,74078,1,1,0.034,-3.858,-2.013,2,66,0,0,32,REST,0,0,0,0,0,0,0,0,6,NO DECISION,47830,--,--,--,--,--
2022-02-17 13:16:22.859,29,83408,72639,0,2,3.425,-3.357,-2.691,2,66,0,0,32,REST,0,0,0,0,0,0,0,0,6,NO DECISION,47830,--,--,--,--,--
2022-02-17 13:16:22.927,30,82489,72412,1,1,-2.096,-0.208,3.575,2,66,0,0,32,REST,0,0,0,0,0,0,0,0,6,NO DECISION,47830,--,--,--,--,--
2022-02-17 13:16:22.984,31,81941,73575,0,0,-2.245,3.098,3.371,2,66,0,0,32,REST,0,0,0,0,0,0,0,0,6,NO DECISION,47830,--,--,--,--,--
2022-02-17 13:16:22.989,32,82704,73737,0,0,-0.361,-1.718,-1.17,2,66,0,0,32,REST,0,0,0,0,0,0,0,0,6,NO DECISION,47830,--,--,--,--,--
2022-02-17 13:16:23.061,33,83492,72773,0,1,1.938,-2.336,-1.182,2,66,0,0,32,REST,0,0,0,0,0,0,0,0,6,NO DECISION,47830,--,--,--,--,--
2022-02-17 13:16:23.067,34,83817,72615,1,0,0.558,-1.521,0.932,2,66,0,0,32,REST,0,0,0,0,0,0,0,0,6,NO DECISION,47830,--,--,--,--,--
2022-02-17 13:16:23.134,35,83396,72581,0,0,-0.128,-0.116,1.574,2,66,0,333.5,35,REST,0,0,0,0,0,0,0,0,6,NO DECISION,47830,--,--,--,--,--
2022-02-17 13:16:23.139,36,83524,72812,1,0,0.023,-0.173,1.297,2,66,0,0,32,REST,0,0,0,0,0,0,0,0,6,NO DECISION,47830,--,--,--,--,--
2022-02-17 13:16:23.190,37,83665,73035,2,0,0.114,-0.519,1.115,2,66,0,0,32,REST,0,0,0,0,0,0,0,0,6,NO DECISION,47830,--,--,--,--,--
2022-02-17 13:16:23.245,38,83972,73219,1,0,0.227,-0.697,0.967,2,66,0,0,32,REST,0,0,0,0,0,0,0,0,6,NO DECISION,47830,--,--,--,--,--
2022-02-17 13:16:23.303,39,84440,73542,0,1,0.352,-0.634,0.797,2,66,0,0,32,REST,0,0,0,0,0,0,0,0,6,NO DECISION,47830,--,--,--,--,--
2022-02-17 13:16:23.308,40,84867,73981,0,1,0.395,-0.622,0.806,2,66,0,0,32,REST,0,0,0,0,0,0,0,0,6,NO DECISION,47830,--,--,--,--,--
2022-02-17 13:16:23.368,41,85140,74353,1,0,0.43,-0.49,0.75,2,66,0,0,32,REST,0,0,0,0,0,0,0,0,6,NO DECISION,47830,--,--,--,--,--
2022-02-17 13:16:23.431,42,85365,74698,0,0,0.458,-0.482,0.809,2,66,0,0,32,REST,0,0,0,0,0,0,0,0,6,NO DECISION,47830,--,--,--,--,--
2022-02-17 13:16:23.441,43,85470,74984,1,0,0.447,-0.379,0.855,2,66,0,0,32,REST,0,0,0,0,0,0,0,0,6,NO DECISION,47830,--,--,--,--,--
2022-02-17 13:16:23.510,44,85599,75230,1,0,0.393,-0.203,0.743,2,66,0,0,32,REST,0,0,0,0,0,0,0,0,6,NO DECISION,47830,--,--,--,--,--
2022-02-17 13:16:23.518,45,85800,75428,0,0,0.375,-0.099,0.697,2,66,0,0,32,REST,0,0,0,0,0,0,0,0,6,NO DECISION,47830,--,--,--,--,--
2022-02-17 13:16:23.586,46,85826,75514,0,2,0.243,-0.27,0.755,2,66,0,0,32,REST,0,0,0,0,0,0,0,0,6,NO DECISION,47831,--,--,--,--,--
2022-02-17 13:16:23.591,47,85846,75611,0,0,0.223,-0.227,0.762,2,66,0,0,32,REST,0,0,0,0,0,0,0,0,6,NO DECISION,47831,--,--,--,--,--
2022-02-17 13:16:23.645,48,86235,75904,0,1,0.057,-0.448,0.888,2,66,0,0,32,REST,0,0,0,0,0,0,0,0,6,NO DECISION,47831,--,--,--,--,--
2022-02-17 13:16:23.721,49,87030,76490,0,0,0.08,-0.284,0.755,2,66,0,328.3,35,REST,0,0,0,0,0,0,0,0,6,NO DECISION,47831,--,--,--,--,--
2022-02-17 13:16:23.730,50,88045,77147,1,0,0.109,-0.255,0.839,2,66,0,0,32,REST,0,0,0,0,0,0,0,0,6,NO DECISION,47831,--,--,--,--,--
2022-02-17 13:16:23.739,51,88708,77608,0,0,0.093,-0.404,0.957,2,66,0,0,32,REST,0,0,0,0,0,0,0,0,6,NO DECISION,47831,--,--,--,--,--
2022-02-17 13:16:23.825,52,88892,78020,1,0,0.125,-0.422,1.016,2,66,0,0,32,REST,0,0,0,0,0,0,0,0,6,NO DECISION,47831,--,--,--,--,--
2022-02-17 13:16:23.834,53,88241,78446,1,1,0.1,-0.539,1.219,2,66,0,0,32,REST,0,0,0,0,0,0,0,0,6,NO DECISION,47831,--,--,--,--,--
2022-02-17 13:16:23.904,55,87348,79243,1,0,0.065,-0.376,0.992,2,66,0,0,32,REST,0,0,0,0,0,0,0,0,6,NO DECISION,47831,--,--,--,--,--
2022-02-17 13:16:23.971,56,87444,79778,0,0,0.052,-0.348,0.88,2,66,0,0,32,REST,0,0,0,0,0,0,0,0,6,NO DECISION,47831,--,--,--,--,--
2022-02-17 13:16:23.978,58,87951,81144,0,0,0.083,-0.437,0.972,2,66,0,0,32,REST,0,0,0,0,0,0,0,0,6,NO DECISION,47831,--,--,--,--,--
2022-02-17 13:16:24.048,59,87967,81725,0,1,0.204,-0.501,0.93,2,65,0,0,32,REST,0,0,0,0,0,0,0,0,6,NO DECISION,47831,--,--,--,--,--
2022-02-17 13:16:24.106,60,87912,82053,0,0,0.101,-0.509,0.892,2,65,0,0,32,REST,0,0,0,0,0,0,0,0,6,NO DECISION,47831,--,--,--,--,--
2022-02-17 13:16:24.111,61,87820,81872,0,0,0.024,-0.565,0.947,2,65,0,0,32,REST,0,0,0,0,0,0,0,0,6,NO DECISION,47831,--,--,--,--,--
2022-02-17 13:16:24.169,62,87595,81525,0,1,0.013,-0.49,0.942,2,65,0,344,35,REST,0,0,0,0,0,0,0,0,6,NO DECISION,47831,--,--,--,--,--
2022-02-17 13:16:24.230,63,87412,81165,0,1,0.044,-0.483,0.892,2,65,0,0,32,REST,0,0,0,0,0,0,0,0,6,NO DECISION,47831,--,--,--,--,--
2022-02-17 13:16:24.236,64,87302,80812,0,0,0.037,-0.51,0.92,2,65,0,0,32,REST,0,0,0,0,0,0,0,0,6,NO DECISION,47831,--,--,--,--,--
2022-02-17 13:16:24.300,65,87140,80494,0,1,0.023,-0.516,0.921,2,65,0,0,32,REST,0,0,0,0,0,0,0,0,6,NO DECISION,47831,--,--,--,--,--
2022-02-17 13:16:24.375,66,86949,80285,0,0,0.029,-0.498,0.887,2,65,0,0,32,REST,0,0,0,0,0,0,0,0,6,NO DECISION,47831,--,--,--,--,--
2022-02-17 13:16:24.382,68,86662,80121,1,0,0.018,-0.497,0.902,2,65,0,0,32,REST,0,0,0,0,0,0,0,0,6,NO DECISION,47831,--,--,--,--,--
2022-02-17 13:16:24.444,69,86602,80140,0,1,0.01,-0.492,0.922,2,65,0,0,32,REST,0,0,0,0,0,0,0,0,6,NO DECISION,47831,--,--,--,--,--
2022-02-17 13:16:24.504,70,86591,80170,1,0,0.021,-0.482,0.912,2,65,0,0,32,REST,0,0,0,0,0,0,0,0,6,NO DECISION,47831,--,--,--,--,--
2022-02-17 13:16:24.511,71,86614,80233,0,0,0.021,-0.491,0.912,2,65,0,329.6,35,REST,0,0,0,0,0,0,0,0,6,NO DECISION,47832,--,--,--,--,--
2022-02-17 13:16:24.571,72,86659,80277,0,0,0.012,-0.481,0.934,2,65,0,0,32,REST,0,0,0,0,0,0,0,0,6,NO DECISION,47832,--,--,--,--,--
2022-02-17 13:16:24.577,73,86712,80280,0,0,0.016,-0.477,0.912,2,65,0,0,32,REST,0,0,0,0,0,0,0,0,6,NO DECISION,47832,--,--,--,--,--
2022-02-17 13:16:24.633,74,86719,80277,0,0,0.009,-0.491,0.93,2,65,0,0,32,REST,0,0,0,0,0,0,0,0,6,NO DECISION,47832,--,--,--,--,--
2022-02-17 13:16:24.698,75,86713,80286,0,0,0.011,-0.492,0.925,2,65,0,0,32,REST,0,0,0,0,0,0,0,0,6,NO DECISION,47832,--,--,--,--,--
2022-02-17 13:16:24.704,76,86712,80313,0,0,0.015,-0.493,0.925,2,65,0,0,32,REST,0,0,0,0,0,0,0,0,6,NO DECISION,47832,--,--,--,--,--
2022-02-17 13:16:24.761,77,86722,80367,0,1,0.014,-0.485,0.92,2,65,0,0,32,REST,0,0,0,0,0,0,0,0,6,NO DECISION,47832,--,--,--,--,--
2022-02-17 13:16:24.817,78,86751,80422,1,0,0.012,-0.487,0.919,2,65,0,316.8,35,REST,0,0,0,0,0,0,0,0,6,NO DECISION,47832,--,--,--,--,--
2022-02-17 13:16:24.822,79,86811,80453,0,0,0.01,-0.492,0.928,2,65,0,0,32,REST,0,0,0,0,0,0,0,0,6,NO DECISION,47832,--,--,--,--,--
2022-02-17 13:16:24.895,80,86876,80479,1,0,0.016,-0.488,0.914,2,65,0,0,32,REST,0,0,0,0,0,0,0,0,6,NO DECISION,47832,--,--,--,--,--
2022-02-17 13:16:24.951,81,86940,80497,0,0,0.02,-0.49,0.915,2,65,0,0,32,REST,0,0,0,0,0,0,0,0,6,NO DECISION,47832,--,--,--,--,--
2022-02-17 13:16:25.006,82,86960,80457,0,0,0.013,-0.493,0.917,2,65,0,0,32,REST,0,0,0,0,0,0,0,0,6,NO DECISION,47832,--,--,--,--,--
2022-02-17 13:16:25.060,83,86950,80382,0,0,0.011,-0.491,0.926,2,65,0,0,32,REST,0,0,0,0,0,0,0,0,6,NO DECISION,47832,--,--,--,--,--
2022-02-17 13:16:25.065,84,86916,80314,0,1,0.018,-0.493,0.908,2,65,0,0,32,REST,0,0,0,0,0,0,0,0,6,NO DECISION,47832,--,--,--,--,--
2022-02-17 13:16:25.116,85,86894,80256,0,0,0.021,-0.489,0.912,2,65,0,0,32,REST,0,0,0,0,0,0,0,0,6,NO DECISION,47832,--,--,--,--,--
2022-02-17 13:16:25.165,86,86911,80204,0,0,0.017,-0.486,0.922,2,65,0,0,32,REST,0,0,0,0,0,0,0,0,6,NO DECISION,47832,--,--,--,--,--
2022-02-17 13:16:25.220,87,86916,80167,0,0,0.019,-0.489,0.916,2,65,0,0,32,REST,0,0,0,0,0,0,0,0,6,NO DECISION,47832,--,--,--,--,--
2022-02-17 13:16:25.225,89,86942,80156,0,0,0.019,-0.492,0.919,2,65,0,405.2,35,REST,0,0,0,0,0,0,0,0,6,NO DECISION,47832,--,--,--,--,--
2022-02-17 13:16:25.279,90,86956,80167,0,0,0.018,-0.49,0.918,2,65,0,0,32,REST,0,0,0,0,0,0,0,0,6,NO DECISION,47832,--,--,--,--,--
2022-02-17 13:16:25.329,91,86978,80200,0,0,0.019,-0.492,0.916,2,65,0,0,32,REST,0,0,0,0,0,0,0,0,6,NO DECISION,47832,--,--,--,--,--
2022-02-17 13:16:25.353,92,87011,80242,0,0,0.017,-0.492,0.916,2,65,0,0,32,REST,0,0,0,0,0,0,0,0,6,NO DECISION,47832,--,--,--,--,--
2022-02-17 13:16:25.412,93,87057,80299,1,0,0.019,-0.492,0.916,2,65,0,0,32,REST,0,0,0,0,0,0,0,0,6,NO DECISION,47832,--,--,--,--,--
2022-02-17 13:16:25.416,94,87114,80364,0,0,0.018,-0.491,0.918,2,65,0,0,32,REST,0,0,0,0,0,0,0,0,6,NO DECISION,47832,--,--,--,--,--
2022-02-17 13:16:25.478,95,87167,80433,0,0,0.016,-0.49,0.919,2,65,0,0,32,REST,0,0,0,0,0,0,0,0,6,NO DECISION,47832,--,--,--,--,--
2022-02-17 13:16:25.535,96,87234,80516,1,0,0.019,-0.492,0.916,2,65,0,0,32,REST,0,0,0,0,0,0,0,0,6,NO DECISION,47833,--,--,--,--,--
2022-02-17 13:16:25.540,97,87297,80584,0,0,0.017,-0.492,0.918,2,65,0,0,32,REST,0,0,0,0,0,0,0,0,6,NO DECISION,47833,--,--,--,--,--
2022-02-17 13:16:25.600,98,87364,80668,1,0,0.016,-0.492,0.918,2,65,0,0,32,REST,0,0,0,0,0,0,0,0,6,NO DECISION,47833,--,--,--,--,--
2022-02-17 13:16:25.655,99,87434,80762,0,1,0.018,-0.492,0.916,2,65,0,365.6,35,REST,0,0,0,0,0,0,0,0,6,NO DECISION,47833,--,--,--,--,--
2022-02-17 13:16:25.660,100,87506,80866,1,0,0.021,-0.492,0.912,2,65,0,0,32,REST,0,0,0,0,0,0,0,0,6,NO DECISION,47833,--,--,--,--,--
2022-02-17 13:16:25.713,101,87586,80961,0,0,0.017,-0.492,0.918,2,65,0,0,32,REST,0,0,0,0,0,0,0,0,6,NO DECISION,47833,--,--,--,--,--
2022-02-17 13:16:25.782,103,87553,80993,0,1,0.017,-0.492,0.916,2,65,0,0,32,REST,0,0,0,0,0,0,0,0,6,NO DECISION,47833,--,--,--,--,--
2022-02-17 13:16:25.843,104,87496,80983,0,0,0.019,-0.493,0.913,2,65,0,0,32,REST,0,0,0,0,0,0,0,0,6,NO DECISION,47833,--,--,--,--,--
2022-02-17 13:16:25.901,105,87423,80969,0,1,0.019,-0.494,0.912,2,65,0,0,32,REST,0,0,0,0,0,0,0,0,6,NO DECISION,47833,--,--,--,--,--
2022-02-17 13:16:25.906,106,87358,80955,0,0,0.021,-0.492,0.916,2,65,0,0,32,REST,0,0,0,0,0,0,0,0,6,NO DECISION,47833,--,--,--,--,--
2022-02-17 13:16:25.964,107,87332,80973,0,0,0.019,-0.493,0.913,2,65,0,0,32,REST,0,0,0,0,0,0,0,0,6,NO DECISION,47833,--,--,--,--,--
2022-02-17 13:16:26.033,108,87332,81006,0,0,0.021,-0.492,0.916,2,65,0,0,32,REST,0,0,0,0,0,0,0,0,6,NO DECISION,47833,--,--,--,--,--
2022-02-17 13:16:26.038,109,87335,81021,0,0,0.02,-0.493,0.913,2,65,0,355.3,35,REST,0,0,0,0,0,0,0,0,6,NO DECISION,47833,--,--,--,--,--
2022-02-17 13:16:26.094,110,87338,81032,0,1,0.02,-0.493,0.914,2,65,0,0,32,REST,0,0,0,0,0,0,0,0,6,NO DECISION,47833,--,--,--,--,--
2022-02-17 13:16:26.100,111,87347,81040,0,0,0.02,-0.492,0.914,2,65,0,0,32,REST,0,0,0,0,0,0,0,0,6,NO DECISION,47833,--,--,--,--,--
2022-02-17 13:16:26.146,112,87364,81056,0,0,0.018,-0.492,0.917,2,65,0,0,32,REST,0,0,0,0,0,0,0,0,6,NO DECISION,47833,--,--,--,--,--
2022-02-17 13:16:26.194,113,87381,81089,1,0,0.019,-0.492,0.917,2,65,0,0,32,REST,0,0,0,0,0,0,0,0,6,NO DECISION,47833,--,--,--,--,--
2022-02-17 13:16:26.242,114,87409,81128,0,1,0.022,-0.494,0.91,2,65,0,0,32,REST,0,0,0,0,0,0,0,0,6,NO DECISION,47833,--,--,--,--,--
2022-02-17 13:16:26.297,115,87450,81182,0,0,0.02,-0.493,0.918,2,65,0,0,32,REST,0,0,0,0,0,0,0,0,6,NO DECISION,47833,--,--,--,--,--
2022-02-17 13:16:26.304,116,87490,81232,0,0,0.02,-0.491,0.915,2,65,0,0,32,REST,0,0,0,0,0,0,0,0,6,NO DECISION,47833,--,--,--,--,--
2022-02-17 13:16:26.355,117,87540,81283,0,0,0.02,-0.494,0.913,2,65,0,0,32,REST,0,0,0,0,0,0,0,0,6,NO DECISION,47833,--,--,--,--,--
2022-02-17 13:16:26.404,118,87584,81332,0,1,0.02,-0.492,0.918,2,65,0,401,35,REST,0,0,0,0,0,0,0,0,6,NO DECISION,47833,--,--,--,--,--
2022-02-17 13:16:26.417,119,87637,81372,1,1,0.021,-0.492,0.914,2,65,10,0,32,REST,0,0,0,0,0,0,0,0,6,NO DECISION,47833,--,--,--,--,--
2022-02-17 13:16:26.466,120,87694,81420,0,0,0.02,-0.494,0.912,2,65,20,0,32,REST,0,0,0,0,0,0,0,0,6,NO DECISION,47833,--,--,--,--,--
2022-02-17 13:16:26.519,121,87746,81453,1,1,0.019,-0.493,0.915,2,65,28,0,32,REST,0,0,0,0,0,0,0,0,6,NO DECISION,47834,--,--,--,--,--
2022-02-17 13:16:26.568,122,87808,81488,0,0,0.021,-0.492,0.914,2,65,35,0,32,REST,0,0,0,0,0,0,0,0,6,NO DECISION,47834,--,--,--,--,--
2022-02-17 13:16:26.615,123,87847,81516,0,0,0.021,-0.493,0.92,2,65,42,0,32,REST,0,0,0,0,0,0,0,0,6,NO DECISION,47834,--,--,--,--,--
2022-02-17 13:16:26.620,124,87815,81495,0,0,0.021,-0.493,0.911,2,65,47,0,32,REST,0,0,0,0,0,0,0,0,6,NO DECISION,47834,--,--,--,--,--
2022-02-17 13:16:26.667,125,87703,81421,1,0,0.021,-0.492,0.915,2,65,52,0,32,REST,0,0,0,0,0,0,0,0,6,NO DECISION,47834,--,--,--,--,--
2022-02-17 13:16:26.729,126,87555,81331,0,1,0.02,-0.493,0.912,2,65,56,0,32,REST,0,0,0,0,0,0,0,0,6,NO DECISION,47834,--,--,--,--,--
2022-02-17 13:16:26.784,127,87422,81230,0,1,0.023,-0.493,0.915,2,65,60,0,32,REST,0,0,0,0,0,0,0,0,6,NO DECISION,47834,--,--,--,--,--
2022-02-17 13:16:26.838,128,87298,81149,0,0,0.021,-0.492,0.916,2,65,63,0,32,REST,0,0,0,0,0,0,0,0,6,NO DECISION,47834,--,--,--,--,--
2022-02-17 13:16:26.894,130,87139,81021,0,1,0.021,-0.492,0.916,2,65,69,0,32,REST,0,0,0,0,0,0,0,0,6,NO DECISION,47834,--,--,--,--,--
2022-02-17 13:16:26.958,131,87092,80956,0,0,0.02,-0.493,0.912,2,65,71,307.8,35,REST,0,0,0,0,0,0,0,0,6,NO DECISION,47834,--,--,--,--,--
2022-02-17 13:16:27.020,132,87038,80890,0,0,0.019,-0.493,0.914,2,65,73,0,32,REST,0,0,0,0,0,0,0,0,6,NO DECISION,47834,--,--,--,--,--
2022-02-17 13:16:27.029,133,86985,80811,0,0,0.02,-0.493,0.916,2,65,74,0,32,REST,0,0,0,0,0,0,0,0,6,NO DECISION,47834,--,--,--,--,--
2022-02-17 13:16:27.076,134,86944,80740,0,0,0.022,-0.493,0.917,2,65,76,0,32,REST,0,0,0,0,0,0,0,0,6,NO DECISION,47834,--,--,--,--,--
2022-02-17 13:16:27.147,135,86917,80660,0,1,0.023,-0.493,0.917,2,65,77,0,32,REST,0,0,0,0,0,0,0,0,6,NO DECISION,47834,--,--,--,--,--
2022-02-17 13:16:27.157,136,86909,80604,0,1,0.021,-0.493,0.913,2,65,78,0,32,REST,0,0,0,0,0,0,0,0,6,NO DECISION,47834,--,--,--,--,--
2022-02-17 13:16:27.212,137,86903,80547,2,0,0.022,-0.493,0.916,2,65,79,0,32,REST,0,0,0,0,0,0,0,0,6,NO DECISION,47834,--,--,--,--,--
2022-02-17 13:16:27.216,138,86902,80520,0,0,0.021,-0.492,0.918,2,65,80,0,32,REST,0,0,0,0,0,0,0,0,6,NO DECISION,47834,--,--,--,--,--
2022-02-17 13:16:27.275,139,86895,80494,0,0,0.018,-0.493,0.916,2,65,81,0,32,REST,0,0,0,0,0,0,0,0,6,NO DECISION,47834,--,--,--,--,--
2022-02-17 13:16:27.333,140,86897,80469,0,1,0.021,-0.494,0.912,2,65,81,0,32,REST,0,0,0,0,0,0,0,0,6,NO DECISION,47834,--,--,--,--,--
2022-02-17 13:16:27.339,141,86898,80451,1,1,0.019,-0.492,0.914,2,65,82,0,32,REST,0,0,0,0,0,0,0,0,6,NO DECISION,47834,--,--,--,--,--
2022-02-17 13:16:27.395,142,86897,80453,1,0,0.018,-0.494,0.913,2,65,82,0,32,REST,0,0,0,0,0,0,0,0,6,NO DECISION,47834,--,--,--,--,--
2022-02-17 13:16:27.449,143,86896,80440,0,0,0.018,-0.492,0.916,2,65,83,376.1,35,REST,0,0,0,0,0,0,0,0,6,NO DECISION,47834,--,--,--,--,--
2022-02-17 13:16:27.506,144,86893,80422,0,1,0.019,-0.491,0.916,2,65,83,0,32,REST,0,0,0,0,0,0,0,0,6,NO DECISION,47834,--,--,--,--,--
2022-02-17 13:16:27.511,145,86879,80398,0,0,0.02,-0.493,0.919,2,65,83,0,32,REST,0,0,0,0,0,0,0,0,6,NO DECISION,47834,--,--,--,--,--
2022-02-17 13:16:27.570,146,86809,80309,1,0,0.021,-0.493,0.911,2,65,84,0,32,REST,0,0,0,0,0,0,0,0,6,NO DECISION,47835,--,--,--,--,--
2022-02-17 13:16:27.625,147,86649,80155,1,0,0.018,-0.492,0.915,2,65,84,0,32,REST,0,0,0,0,0,0,0,0,6,NO DECISION,47835,--,--,--,--,--
2022-02-17 13:16:27.630,148,86442,79969,0,0,0.019,-0.492,0.914,2,65,84,0,32,REST,0,0,0,0,0,0,0,0,6,NO DECISION,47835,--,--,--,--,--
2022-02-17 13:16:27.682,149,86249,79785,0,1,0.019,-0.493,0.917,2,65,84,0,32,REST,0,0,0,0,0,0,0,0,6,NO DECISION,47835,--,--,--,--,--
2022-02-17 13:16:27.743,150,86084,79624,0,0,0.019,-0.493,0.913,2,65,84,0,32,REST,0,0,0,0,0,0,0,0,6,NO DECISION,47835,--,--,--,--,--
2022-02-17 13:16:27.748,151,85968,79501,1,0,0.02,-0.492,0.911,2,65,85,0,32,REST,0,0,0,0,0,0,0,0,6,NO DECISION,47835,--,--,--,--,--
2022-02-17 13:16:27.821,152,85893,79415,0,0,0.019,-0.493,0.913,2,65,85,0,32,REST,0,0,0,0,0,0,0,0,6,NO DECISION,47835,--,--,--,--,--
2022-02-17 13:16:27.826,153,85811,79327,1,0,0.019,-0.493,0.914,2,65,85,0,32,REST,0,0,0,0,0,0,0,0,6,NO DECISION,47835,--,--,--,--,--
2022-02-17 13:16:27.882,154,85728,79238,0,1,0.02,-0.493,0.915,2,65,85,0,32,REST,0,0,0,0,0,0,0,0,6,NO DECISION,47835,--,--,--,--,--
2022-02-17 13:16:27.939,155,85648,79158,1,0,0.018,-0.493,0.916,2,65,85,0,32,REST,0,0,0,0,0,0,0,0,6,NO DECISION,47835,--,--,--,--,--
2022-02-17 13:16:27.949,156,85577,79098,1,2,0.02,-0.492,0.917,2,65,85,0,32,REST,0,0,0,0,0,0,0,0,6,NO DECISION,47835,--,--,--,--,--
2022-02-17 13:16:28.006,157,85525,79058,0,0,0.02,-0.493,0.916,2,65,85,258.2,35,REST,0,0,0,0,0,0,0,0,6,NO DECISION,47835,--,--,--,--,--
2022-02-17 13:16:28.066,159,85473,79017,0,0,0.019,-0.492,0.916,2,65,85,0,32,REST,0,0,0,0,0,0,0,0,6,NO DECISION,47835,--,--,--,--,--
2022-02-17 13:16:28.071,160,85460,79035,2,1,0.02,-0.491,0.916,2,65,85,0,32,REST,0,0,0,0,0,0,0,0,6,NO DECISION,47835,--,--,--,--,--
2022-02-17 13:16:28.130,161,85462,79077,0,0,0.02,-0.493,0.913,2,65,85,0,32,REST,0,0,0,0,0,0,0,0,6,NO DECISION,47835,--,--,--,--,--
2022-02-17 13:16:28.138,162,85470,79108,2,0,0.02,-0.492,0.919,2,65,85,0,32,REST,0,0,0,0,0,0,0,0,6,NO DECISION,47835,--,--,--,--,--
2022-02-17 13:16:28.306,163,85481,79130,0,1,0.02,-0.493,0.915,2,65,85,0,32,REST,0,0,0,0,0,0,0,0,6,NO DECISION,47835,--,--,--,--,--
2022-02-17 13:16:28.344,166,85471,79211,0,0,0.021,-0.493,0.916,2,65,85,0,32,REST,0,0,0,0,0,0,0,0,6,NO DECISION,47835,--,--,--,--,--
2022-02-17 13:16:28.436,167,85337,79132,0,0,0.02,-0.493,0.916,2,65,85,0,32,REST,0,0,0,0,0,0,0,0,6,NO DECISION,47835,--,--,--,--,--
2022-02-17 13:16:28.443,168,85161,79019,1,0,0.021,-0.49,0.915,2,65,85,0,32,REST,0,0,0,0,0,0,0,0,6,NO DECISION,47835,--,--,--,--,--
2022-02-17 13:16:28.504,169,85005,78910,1,0,0.02,-0.493,0.916,2,65,85,0,32,REST,0,0,0,0,0,0,0,0,6,NO DECISION,47835,--,--,--,--,--
2022-02-17 13:16:28.513,170,84888,78843,0,0,0.022,-0.493,0.91,2,65,85,0,32,REST,0,0,0,0,0,0,0,0,6,NO DECISION,47835,--,--,--,--,--
2022-02-17 13:16:28.568,171,84828,78833,0,0,0.02,-0.493,0.919,2,65,85,0,32,REST,0,0,0,0,0,0,0,0,6,NO DECISION,47836,--,--,--,--,--
2022-02-17 13:16:28.626,172,84799,78840,0,1,0.021,-0.491,0.915,2,65,85,0,32,REST,0,0,0,0,0,0,0,0,6,NO DECISION,47836,--,--,--,--,--
2022-02-17 13:16:28.631,173,84778,78857,0,1,0.021,-0.493,0.914,2,65,85,0,32,REST,0,0,0,0,0,0,0,0,6,NO DECISION,47836,--,--,--,--,--
2022-02-17 13:16:28.691,174,84754,78881,1,0,0.022,-0.493,0.915,2,65,85,0,32,REST,0,0,0,0,0,0,0,0,6,NO DECISION,47836,--,--,--,--,--
2022-02-17 13:16:28.704,175,84730,78899,0,1,0.02,-0.492,0.916,2,65,85,0,32,REST,0,0,0,0,0,0,0,0,6,NO DECISION,47836,--,--,--,--,--
2022-02-17 13:16:28.768,176,84720,78939,0,0,0.021,-0.493,0.914,2,65,85,0,32,REST,0,0,0,0,0,0,0,0,6,NO DECISION,47836,--,--,--,--,--
2022-02-17 13:16:28.843,178,84749,79023,2,0,0.021,-0.49,0.915,2,65,85,0,32,REST,0,0,0,0,0,0,0,0,6,NO DECISION,47836,--,--,--,--,--
2022-02-17 13:16:28.901,179,84780,79070,1,0,0.022,-0.493,0.915,2,65,85,0,32,REST,0,0,0,0,0,0,0,0,6,NO DECISION,47836,--,--,--,--,--
2022-02-17 13:16:28.907,180,84817,79121,0,0,0.021,-0.493,0.914,2,65,85,0,32,REST,0,0,0,0,0,0,0,0,6,NO DECISION,47836,--,--,--,--,--
2022-02-17 13:16:28.960,181,84862,79180,0,0,0.022,-0.492,0.915,2,65,85,0,32,REST,0,0,0,0,0,0,0,0,6,NO DECISION,47836,--,--,--,--,--
2022-02-17 13:16:29.037,182,84910,79240,0,0,0.022,-0.493,0.912,2,65,85,0,32,REST,0,0,0,0,0,0,0,0,6,NO DECISION,47836,--,--,--,--,--
2022-02-17 13:16:29.043,183,84968,79308,0,1,0.021,-0.493,0.917,2,65,85,0,32,REST,0,0,0,0,0,0,0,0,6,NO DECISION,47836,--,--,--,--,--
2022-02-17 13:16:29.100,184,85032,79377,0,0,0.023,-0.492,0.914,2,65,85,0,32,REST,0,0,0,0,0,0,0,0,6,NO DECISION,47836,--,--,--,--,--
2022-02-17 13:16:29.106,185,85092,79445,1,0,0.023,-0.493,0.916,2,65,85,0,32,REST,0,0,0,0,0,0,0,0,6,NO DECISION,47836,--,--,--,--,--
2022-02-17 13:16:29.163,186,85086,79459,0,1,0.022,-0.492,0.918,2,65,85,0,32,REST,0,0,0,0,0,0,0,0,6,NO DECISION,47836,--,--,--,--,--
2022-02-17 13:16:29.220,187,84969,79371,1,0,0.023,-0.492,0.92,2,65,85,339.2,35,REST,0,0,0,0,0,0,0,0,6,NO DECISION,47836,--,--,--,--,--
2022-02-17 13:16:29.225,188,84802,79230,1,0,0.022,-0.493,0.914,2,65,85,0,32,REST,0,0,0,0,0,0,0,0,6,NO DECISION,47836,--,--,--,--,--
2022-02-17 13:16:29.282,189,84654,79096,0,1,0.022,-0.493,0.914,2,65,85,0,32,REST,0,0,0,0,0,0,0,0,6,NO DECISION,47836,--,--,--,--,--
2022-02-17 13:16:29.310,190,84550,78991,1,0,0.025,-0.493,0.912,2,65,85,0,32,REST,0,0,0,0,0,0,0,0,6,NO DECISION,47836,--,--,--,--,--
2022-02-17 13:16:29.373,191,84498,78932,1,0,0.024,-0.492,0.917,2,65,85,0,32,REST,0,0,0,0,0,0,0,0,6,NO DECISION,47836,--,--,--,--,--
2022-02-17 13:16:29.379,192,84492,78903,0,0,0.022,-0.492,0.916,2,65,85,0,32,REST,0,0,0,0,0,0,0,0,6,NO DECISION,47836,--,--,--,--,--
2022-02-17 13:16:29.448,193,84494,78879,0,1,0.021,-0.493,0.914,2,65,85,0,32,REST,0,0,0,0,0,0,0,0,6,NO DECISION,47836,--,--,--,--,--
2022-02-17 13:16:29.512,195,84493,78838,1,0,0.02,-0.492,0.916,2,65,85,0,32,REST,0,0,0,0,0,0,0,0,6,NO DECISION,47836,--,--,--,--,--
2022-02-17 13:16:29.519,196,84484,78820,0,1,0.023,-0.494,0.913,2,65,85,0,0,REST,0,0,0,0,0,0,0,0,6,NO DECISION,47837,--,--,--,--,--
2022-02-17 13:16:29.577,197,84490,78820,0,1,0.025,-0.493,0.918,2,65,85,0,0,REST,0,0,0,0,0,0,0,0,6,NO DECISION,47837,--,--,--,--,--
2022-02-17 13:16:29.583,198,84512,78829,0,0,0.023,-0.493,0.913,2,65,85,0,0,REST,0,0,0,0,0,0,0,0,6,NO DECISION,47837,--,--,--,--,--
2022-02-17 13:16:29.643,199,84542,78867,1,1,0.022,-0.493,0.916,2,65,85,0,0,REST,0,0,0,0,0,0,0,0,6,NO DECISION,47837,--,--,--,--,--
2022-02-17 13:16:29.697,200,84592,78905,0,0,0.021,-0.493,0.914,2,65,85,0,0,REST,0,0,0,0,0,0,0,0,6,NO DECISION,47837,--,--,--,--,--
2022-02-17 13:16:29.702,201,84644,78955,0,0,0.022,-0.493,0.915,2,65,85,0,0,REST,0,0,0,0,0,0,0,0,6,NO DECISION,47837,--,--,--,--,--
2022-02-17 13:16:29.749,202,84709,79012,0,0,0.023,-0.492,0.914,2,65,85,0,0,REST,0,0,0,0,0,0,0,0,6,NO DECISION,47837,--,--,--,--,--
2022-02-17 13:16:29.799,203,84782,79078,0,1,0.022,-0.493,0.916,2,65,85,453.2,6,REST,0,0,0,0,0,0,0,0,6,NO DECISION,47837,--,--,--,--,--
2022-02-17 13:16:29.855,204,84851,79145,0,0,0.023,-0.491,0.915,2,65,85,0,0,REST,0,0,0,0,0,0,0,0,6,NO DECISION,47837,--,--,--,--,--
2022-02-17 13:16:29.865,205,84930,79215,0,0,0.024,-0.493,0.916,2,65,85,0,0,REST,0,0,0,0,0,0,0,0,6,NO DECISION,47837,--,--,--,--,--
2022-02-17 13:16:29.921,206,84961,79242,0,2,0.021,-0.493,0.913,2,65,84,0,0,REST,0,0,0,0,0,0,0,0,6,NO DECISION,47837,--,--,--,--,--
2022-02-17 13:16:29.986,207,84883,79174,0,0,0.021,-0.493,0.917,2,65,84,0,0,REST,0,0,0,0,0,0,0,0,6,NO DECISION,47837,--,--,--,--,--
2022-02-17 13:16:29.991,208,84741,79041,0,1,0.024,-0.492,0.916,2,65,84,0,0,REST,0,0,0,0,0,0,0,0,6,NO DECISION,47837,--,--,--,--,--
2022-02-17 13:16:30.062,209,84611,78902,0,1,0.026,-0.494,0.911,2,65,84,0,0,REST,0,0,0,0,0,0,0,0,6,NO DECISION,47837,--,--,--,--,--
2022-02-17 13:16:30.068,210,84519,78786,0,0,0.022,-0.493,0.918,2,65,84,0,0,REST,0,0,0,0,0,0,0,0,6,NO DECISION,47837,--,--,--,--,--
2022-02-17 13:16:30.134,211,84468,78727,0,0,0.025,-0.493,0.911,2,65,84,0,0,REST,0,0,0,0,0,0,0,0,6,NO DECISION,47837,--,--,--,--,--
2022-02-17 13:16:30.141,212,84481,78711,0,1,0.021,-0.492,0.915,2,65,84,0,0,REST,0,0,0,0,0,0,0,0,6,NO DECISION,47837,--,--,--,--,--
2022-02-17 13:16:30.200,213,84503,78704,0,0,0.023,-0.493,0.917,2,65,84,0,0,REST,0,0,0,0,0,0,0,0,6,NO DECISION,47837,--,--,--,--,--
2022-02-17 13:16:30.272,214,84527,78699,0,0,0.024,-0.492,0.915,2,65,84,0,0,REST,0,0,0,0,0,0,0,0,6,NO DECISION,47837,--,--,--,--,--
2022-02-17 13:16:30.280,215,84544,78696,1,0,0.023,-0.493,0.916,2,65,84,0,0,REST,0,0,0,0,0,0,0,0,6,NO DECISION,47837,--,--,--,--,--
2022-02-17 13:16:30.336,216,84580,78714,0,0,0.024,-0.492,0.916,2,65,84,0,0,REST,0,0,0,0,0,0,0,0,6,NO DECISION,47837,--,--,--,--,--
2022-02-17 13:16:30.392,217,84623,78748,0,1,0.023,-0.492,0.915,2,65,84,0,0,REST,0,0,0,0,0,0,0,0,6,NO DECISION,47837,--,--,--,--,--
2022-02-17 13:16:30.447,218,84683,78797,1,0,0.024,-0.492,0.912,2,65,84,0,0,REST,0,0,0,0,0,0,0,0,6,NO DECISION,47837,--,--,--,--,--
2022-02-17 13:16:30.503,219,84757,78855,1,1,0.023,-0.493,0.918,2,65,84,0,0,REST,0,0,0,0,0,0,0,0,6,NO DECISION,47837,--,--,--,--,--
2022-02-17 13:16:30.508,220,84844,78926,0,0,0.023,-0.493,0.914,2,65,84,0,0,REST,0,0,0,0,0,0,0,0,6,NO DECISION,47837,--,--,--,--,--
2022-02-17 13:16:30.574,221,84935,78999,1,0,0.026,-0.492,0.916,2,65,84,0,0,REST,0,0,0,0,0,0,0,0,6,NO DECISION,47838,--,--,--,--,--
2022-02-17 13:16:30.580,222,85029,79091,1,0,0.022,-0.493,0.911,2,65,84,0,0,REST,0,0,0,0,0,0,0,0,6,NO DECISION,47838,--,--,--,--,--
2022-02-17 13:16:30.643,223,85127,79182,0,0,0.024,-0.492,0.916,2,65,84,0,0,REST,0,0,0,0,0,0,0,0,6,NO DECISION,47838,--,--,--,--,--
2022-02-17 13:16:30.693,224,85234,79272,1,0,0.023,-0.492,0.916,2,65,84,1021.9,12,REST,0,0,0,0,0,0,0,0,6,NO DECISION,47838,--,--,--,--,--
2022-02-17 13:16:30.698,225,85345,79369,0,0,0.023,-0.493,0.915,2,65,84,0,0,REST,0,0,0,0,0,0,0,0,6,NO DECISION,47838,--,--,--,--,--
2022-02-17 13:16:30.756,226,85432,79434,0,0,0.022,-0.494,0.914,2,65,85,0,0,REST,0,0,0,0,0,0,0,0,6,NO DECISION,47838,--,--,--,--,--
2022-02-17 13:16:30.812,227,85416,79410,1,0,0.023,-0.493,0.913,2,65,85,0,0,REST,0,0,0,0,0,0,0,0,6,NO DECISION,47838,--,--,--,--,--
2022-02-17 13:16:30.817,228,85316,79317,0,0,0.021,-0.493,0.913,2,65,85,0,0,REST,0,0,0,0,0,0,0,0,6,NO DECISION,47838,--,--,--,--,--
2022-02-17 13:16:30.891,229,85216,79212,1,0,0.023,-0.493,0.914,2,65,86,0,0,REST,0,0,0,0,0,0,0,0,6,NO DECISION,47838,--,--,--,--,--
2022-02-17 13:16:30.899,230,85153,79122,0,0,0.022,-0.493,0.916,2,65,86,0,0,REST,0,0,0,0,0,0,0,0,6,NO DECISION,47838,--,--,--,--,--
2022-02-17 13:16:30.956,231,85137,79077,0,0,0.023,-0.492,0.911,2,65,86,0,0,REST,0,0,0,0,0,0,0,0,6,NO DECISION,47838,--,--,--,--,--
2022-02-17 13:16:31.004,233,85202,79090,0,2,0.022,-0.492,0.915,2,65,87,0,0,REST,0,0,0,0,0,0,0,0,6,NO DECISION,47838,--,--,--,--,--
2022-02-17 13:16:31.076,234,85260,79120,1,0,0.024,-0.493,0.914,2,65,88,0,0,REST,0,0,0,0,0,0,0,0,6,NO DECISION,47838,--,--,--,--,--
2022-02-17 13:16:31.081,235,85298,79137,0,0,0.025,-0.492,0.916,2,65,88,0,0,REST,0,0,0,0,0,0,0,0,6,NO DECISION,47838,--,--,--,--,--
2022-02-17 13:16:31.151,236,85349,79162,0,0,0.023,-0.492,0.917,2,65,89,0,0,REST,0,0,0,0,0,0,0,0,6,NO DECISION,47838,--,--,--,--,--
2022-02-17 13:16:31.211,237,85404,79189,1,0,0.026,-0.492,0.917,2,65,89,0,0,REST,0,0,0,0,0,0,0,0,6,NO DECISION,47838,--,--,--,--,--
2022-02-17 13:16:31.217,238,85476,79228,1,0,0.027,-0.492,0.918,2,65,89,0,0,REST,0,0,0,0,0,0,0,0,6,NO DECISION,47838,--,--,--,--,--
2022-02-17 13:16:31.272,239,85566,79294,1,0,0.025,-0.492,0.916,2,65,90,0,0,REST,0,0,0,0,0,0,0,0,6,NO DECISION,47838,--,--,--,--,--
2022-02-17 13:16:31.332,240,85661,79352,1,0,0.024,-0.493,0.913,2,65,90,0,0,REST,0,0,0,0,0,0,0,0,6,NO DECISION,47838,--,--,--,--,--
2022-02-17 13:16:31.337,241,85768,79430,0,0,0.023,-0.492,0.916,2,65,91,0,0,REST,0,0,0,0,0,0,0,0,6,NO DECISION,47838,--,--,--,--,--
2022-02-17 13:16:31.399,242,85880,79498,0,0,0.024,-0.493,0.915,2,65,91,0,0,REST,0,0,0,0,0,0,0,0,6,NO DECISION,47838,--,--,--,--,--
2022-02-17 13:16:31.462,243,85990,79573,0,1,0.027,-0.493,0.913,2,65,91,0,0,REST,0,0,0,0,0,0,0,0,6,NO DECISION,47838,--,--,--,--,--
2022-02-17 13:16:31.468,244,86105,79660,1,0,0.025,-0.492,0.916,2,65,92,0,0,REST,0,0,0,0,0,0,0,0,6,NO DECISION,47838,--,--,--,--,--
2022-02-17 13:16:31.531,245,86226,79748,0,0,0.023,-0.492,0.914,2,65,92,1017.9,12,REST,0,0,0,0,0,0,0,0,6,NO DECISION,47838,--,--,--,--,--
2022-02-17 13:16:31.545,246,86346,79804,1,0,0.025,-0.492,0.919,2,65,92,0,0,REST,0,0,0,0,0,0,0,0,6,NO DECISION,47839,--,--,--,--,--
2022-02-17 13:16:31.600,248,86361,79746,1,0,0.024,-0.493,0.916,2,65,93,0,0,REST,0,0,0,0,0,0,0,0,6,NO DECISION,47839,--,--,--,--,--
2022-02-17 13:16:31.666,249,86271,79660,0,1,0.026,-0.491,0.918,2,65,93,0,0,REST,0,0,0,0,0,0,0,0,6,NO DECISION,47839,--,--,--,--,--
2022-02-17 13:16:31.675,250,86199,79572,1,1,0.027,-0.493,0.917,2,65,94,0,0,REST,0,0,0,0,0,0,0,0,6,NO DECISION,47839,--,--,--,--,--
2022-02-17 13:16:31.735,251,86160,79495,0,1,0.025,-0.493,0.916,2,65,94,0,0,REST,0,0,0,0,0,0,0,0,6,NO DECISION,47839,--,--,--,--,--
2022-02-17 13:16:31.790,252,86168,79466,1,0,0.025,-0.492,0.916,2,65,94,0,0,REST,0,0,0,0,0,0,0,0,6,NO DECISION,47839,--,--,--,--,--
2022-02-17 13:16:31.858,253,86206,79464,1,1,0.024,-0.492,0.916,2,65,94,0,0,REST,0,0,0,0,0,0,0,0,6,NO DECISION,47839,--,--,--,--,--
2022-02-17 13:16:31.863,254,86249,79480,0,1,0.023,-0.493,0.914,2,65,95,0,0,REST,0,0,0,0,0,0,0,0,6,NO DECISION,47839,--,--,--,--,--
2022-02-17 13:16:31.919,255,86283,79487,0,0,0.024,-0.492,0.919,2,65,95,0,0,REST,0,0,0,0,0,0,0,0,6,NO DECISION,47839,--,--,--,--,--
2022-02-17 13:16:31.972,0,86322,79492,1,1,0.023,-0.492,0.916,2,66,95,0,0,REST,0,0,0,0,0,0,0,0,6,NO DECISION,47839,--,--,--,--,--
2022-02-17 13:16:31.977,1,86367,79503,0,0,0.025,-0.493,0.916,2,66,95,0,0,REST,0,0,0,0,0,0,0,0,6,NO DECISION,47839,--,--,--,--,--
2022-02-17 13:16:32.035,2,86424,79511,0,3,0.023,-0.491,0.92,2,66,96,0,0,REST,0,0,0,0,0,0,0,0,6,NO DECISION,47839,--,--,--,--,--
2022-02-17 13:16:32.068,3,86496,79534,0,0,0.024,-0.493,0.917,2,66,96,0,0,REST,0,0,0,0,0,0,0,0,6,NO DECISION,47839,--,--,--,--,--
2022-02-17 13:16:32.132,4,86573,79576,0,0,0.024,-0.491,0.914,2,66,96,0,0,REST,0,0,0,0,0,0,0,0,6,NO DECISION,47839,--,--,--,--,--
2022-02-17 13:16:32.137,5,86660,79621,1,0,0.02,-0.492,0.92,2,66,96,0,0,REST,0,0,0,0,0,0,0,0,6,NO DECISION,47839,--,--,--,--,--
2022-02-17 13:16:32.191,6,86744,79675,0,1,0.022,-0.494,0.912,2,66,96,0,0,REST,0,0,0,0,0,0,0,0,6,NO DECISION,47839,--,--,--,--,--
2022-02-17 13:16:32.247,7,86826,79728,2,0,0.021,-0.492,0.916,2,66,96,0,0,REST,0,0,0,0,0,0,0,0,6,NO DECISION,47839,--,--,--,--,--
2022-02-17 13:16:32.305,8,86915,79789,0,1,0.021,-0.492,0.915,2,66,97,0,0,REST,0,0,0,0,0,0,0,0,6,NO DECISION,47839,--,--,--,--,--
2022-02-17 13:16:32.311,9,87008,79842,0,2,0.022,-0.491,0.917,2,66,97,1017.2,12,REST,0,0,0,0,0,0,0,0,6,NO DECISION,47839,--,--,--,--,--
2022-02-17 13:16:32.368,10,87108,79899,1,1,0.025,-0.493,0.914,2,66,97,0,0,REST,0,0,0,0,0,0,0,0,6,NO DECISION,47839,--,--,--,--,--
2022-02-17 13:16:32.376,11,87170,79931,0,0,0.021,-0.492,0.915,2,66,97,0,0,REST,0,0,0,0,0,0,0,0,6,NO DECISION,47839,--,--,--,--,--
2022-02-17 13:16:32.434,12,87152,79907,0,0,0.02,-0.492,0.917,2,66,97,0,0,REST,0,0,0,0,0,0,0,0,6,NO DECISION,47839,--,--,--,--,--
2022-02-17 13:16:32.493,14,86974,79779,0,0,0.022,-0.492,0.917,2,66,97,0,0,REST,0,0,0,0,0,0,0,0,6,NO DECISION,47839,--,--,--,--,--
2022-02-17 13:16:32.498,15,86932,79728,0,0,0.022,-0.492,0.916,2,66,97,0,0,REST,0,0,0,0,0,0,0,0,6,NO DECISION,47840,--,--,--,--,--
2022-02-17 13:16:32.566,16,86935,79702,1,0,0.022,-0.492,0.916,2,67,98,0,0,REST,0,0,0,0,0,0,0,0,6,NO DECISION,47840,--,--,--,--,--
2022-02-17 13:16:32.633,17,86963,79714,0,0,0.023,-0.49,0.916,2,67,98,0,0,REST,0,0,0,0,0,0,0,0,6,NO DECISION,47840,--,--,--,--,--
2022-02-17 13:16:32.640,18,86993,79736,0,0,0.022,-0.491,0.919,2,67,98,0,0,REST,0,0,0,0,0,0,0,0,6,NO DECISION,47840,--,--,--,--,--
2022-02-17 13:16:32.700,19,87025,79741,0,1,0.025,-0.492,0.914,2,67,98,0,0,REST,0,0,0,0,0,0,0,0,6,NO DECISION,47840,--,--,--,--,--
2022-02-17 13:16:32.758,20,87057,79751,0,0,0.023,-0.492,0.917,2,67,98,0,0,REST,0,0,0,0,0,0,0,0,6,NO DECISION,47840,--,--,--,--,--
2022-02-17 13:16:32.819,21,87102,79772,0,0,0.023,-0.492,0.916,2,67,98,0,0,REST,0,0,0,0,0,0,0,0,6,NO DECISION,47840,--,--,--,--,--
2022-02-17 13:16:32.825,22,87155,79816,0,0,0.023,-0.494,0.913,2,67,98,0,0,REST,0,0,0,0,0,0,0,0,6,NO DECISION,47840,--,--,--,--,--
2022-02-17 13:16:32.884,23,87225,79875,1,0,0.023,-0.491,0.919,2,67,98,0,0,REST,0,0,0,0,0,0,0,0,6,NO DECISION,47840,--,--,--,--,--
2022-02-17 13:16:32.936,24,87308,79937,0,0,0.025,-0.492,0.914,2,67,98,0,0,REST,0,0,0,0,0,0,0,0,6,NO DECISION,47840,--,--,--,--,--
2022-02-17 13:16:32.941,25,87399,79996,0,1,0.023,-0.492,0.918,2,67,98,0,0,REST,0,0,0,0,0,0,0,0,6,NO DECISION,47840,--,--,--,--,--
2022-02-17 13:16:33.001,26,87500,80072,0,1,0.025,-0.492,0.915,2,67,98,0,0,REST,0,0,0,0,0,0,0,0,6,NO DECISION,47840,--,--,--,--,--
2022-02-17 13:16:33.061,27,87603,80152,0,1,0.027,-0.493,0.915,2,67,98,0,0,REST,0,0,0,0,0,0,0,0,6,NO DECISION,47840,--,--,--,--,--
2022-02-17 13:16:33.066,28,87707,80230,0,0,0.023,-0.492,0.915,2,67,98,0,0,REST,0,0,0,0,0,0,0,0,6,NO DECISION,47840,--,--,--,--,--
2022-02-17 13:16:33.130,29,87815,80311,0,0,0.026,-0.492,0.916,2,67,98,0,0,REST,0,0,0,0,0,0,0,0,6,NO DECISION,47840,--,--,--,--,--
2022-02-17 13:16:33.139,30,87923,80380,0,1,0.027,-0.492,0.915,2,67,99,1012.2,12,REST,0,0,0,0,0,0,0,0,6,NO DECISION,47840,--,--,--,--,--
2022-02-17 13:16:33.202,31,87969,80412,0,1,0.024,-0.494,0.911,2,68,99,0,0,REST,0,0,0,0,0,0,0,0,6,NO DECISION,47840,--,--,--,--,--
2022-02-17 13:16:33.258,32,87917,80417,1,0,0.022,-0.492,0.919,2,68,99,0,0,REST,0,0,0,0,0,0,0,0,6,NO DECISION,47840,--,--,--,--,--
2022-02-17 13:16:33.262,33,87825,80384,0,0,0.025,-0.492,0.915,2,68,99,0,0,REST,0,0,0,0,0,0,0,0,6,NO DECISION,47840,--,--,--,--,--
2022-02-17 13:16:33.314,34,87763,80345,0,1,0.025,-0.494,0.914,2,68,99,0,0,REST,0,0,0,0,0,0,0,0,6,NO DECISION,47840,--,--,--,--,--
2022-02-17 13:16:33.369,35,87740,80331,0,0,0.024,-0.491,0.915,2,68,99,0,0,REST,0,0,0,0,0,0,0,0,6,NO DECISION,47840,--,--,--,--,--
2022-02-17 13:16:33.427,36,87750,80333,0,0,0.024,-0.492,0.919,2,68,99,0,0,REST,0,0,0,0,0,0,0,0,6,NO DECISION,47840,--,--,--,--,--
2022-02-17 13:16:33.433,37,87796,80367,0,1,0.025,-0.492,0.914,2,68,99,0,0,REST,0,0,0,0,0,0,0,0,6,NO DECISION,47840,--,--,--,--,--
2022-02-17 13:16:33.497,38,87844,80393,0,0,0.025,-0.492,0.915,2,68,99,0,0,REST,0,0,0,0,0,0,0,0,6,NO DECISION,47840,--,--,--,--,--
2022-02-17 13:16:33.502,39,87878,80411,0,0,0.028,-0.491,0.917,2,68,99,0,0,REST,0,0,0,0,0,0,0,0,6,NO DECISION,47840,--,--,--,--,--
2022-02-17 13:16:33.562,40,87928,80443,0,0,0.024,-0.492,0.916,2,68,99,0,0,REST,0,0,0,0,0,0,0,0,6,NO DECISION,47841,--,--,--,--,--
2022-02-17 13:16:33.578,41,87974,80469,0,1,0.023,-0.491,0.918,2,68,99,0,0,REST,0,0,0,0,0,0,0,0,6,NO DECISION,47841,--,--,--,--,--
2022-02-17 13:16:33.653,42,88039,80509,0,0,0.026,-0.492,0.917,2,68,99,0,0,REST,0,0,0,0,0,0,0,0,6,NO DECISION,47841,--,--,--,--,--
2022-02-17 13:16:33.661,43,88111,80558,1,0,0.025,-0.492,0.916,2,68,99,0,0,REST,0,0,0,0,0,0,0,0,6,NO DECISION,47841,--,--,--,--,--
2022-02-17 13:16:33.714,44,88199,80625,0,1,0.023,-0.493,0.919,2,68,99,0,0,REST,0,0,0,0,0,0,0,0,6,NO DECISION,47841,--,--,--,--,--
2022-02-17 13:16:33.786,45,88289,80695,0,1,0.025,-0.492,0.917,2,68,99,0,0,REST,0,0,0,0,0,0,0,0,6,NO DECISION,47841,--,--,--,--,--
2022-02-17 13:16:33.792,46,88378,80756,1,1,0.027,-0.492,0.915,2,68,99,0,0,REST,0,0,0,0,0,0,0,0,6,NO DECISION,47841,--,--,--,--,--
2022-02-17 13:16:33.851,47,88473,80821,0,0,0.027,-0.493,0.919,2,69,99,0,0,REST,0,0,0,0,0,0,0,0,6,NO DECISION,47841,--,--,--,--,--
2022-02-17 13:16:33.857,48,88563,80893,1,0,0.027,-0.491,0.921,2,69,99,0,0,REST,0,0,0,0,0,0,0,0,6,NO DECISION,47841,--,--,--,--,--
2022-02-17 13:16:33.931,49,88663,80976,0,1,0.027,-0.491,0.918,2,69,99,0,0,REST,0,0,0,0,0,0,0,0,6,NO DECISION,47841,--,--,--,--,--
2022-02-17 13:16:33.983,50,88745,81037,0,0,0.024,-0.493,0.92,2,69,99,823.2,12,REST,0,0,0,0,0,0,0,0,6,NO DECISION,47841,--,--,--,--,--
2022-02-17 13:16:33.988,51,88728,81022,0,0,0.026,-0.492,0.911,2,69,99,0,0,REST,0,0,0,0,0,0,0,0,6,NO DECISION,47841,--,--,--,--,--
2022-02-17 13:16:34.044,52,88620,80939,0,1,0.025,-0.492,0.919,2,69,99,0,0,REST,0,0,0,0,0,0,0,0,6,NO DECISION,47841,--,--,--,--,--
2022-02-17 13:16:34.117,53,88493,80854,1,0,0.026,-0.492,0.915,2,69,99,0,0,REST,0,0,0,0,0,0,0,0,6,NO DECISION,47841,--,--,--,--,--
2022-02-17 13:16:34.129,54,88390,80778,0,0,0.029,-0.493,0.914,2,69,99,0,0,REST,0,0,0,0,0,0,0,0,6,NO DECISION,47841,--,--,--,--,--
2022-02-17 13:16:34.187,55,88325,80725,1,0,0.027,-0.492,0.916,2,69,99,0,0,REST,0,0,0,0,0,0,0,0,6,NO DECISION,47841,--,--,--,--,--
2022-02-17 13:16:34.192,56,88299,80708,0,0,0.027,-0.493,0.915,2,69,99,0,0,REST,0,0,0,0,0,0,0,0,6,NO DECISION,47841,--,--,--,--,--
2022-02-17 13:16:34.247,57,88308,80712,0,2,0.026,-0.492,0.916,2,69,99,0,0,REST,0,0,0,0,0,0,0,0,6,NO DECISION,47841,--,--,--,--,--
2022-02-17 13:16:34.318,58,88316,80720,0,1,0.026,-0.492,0.917,2,69,99,0,0,REST,0,0,0,0,0,0,0,0,6,NO DECISION,47841,--,--,--,--,--
2022-02-17 13:16:34.324,59,88323,80728,0,1,0.024,-0.492,0.918,2,69,99,0,0,REST,0,0,0,0,0,0,0,0,6,NO DECISION,47841,--,--,--,--,--
